"scenario","gridTag","repID","modelID","pass","rhat_max","ess_min","tree_ess","asdsf","rhat_pass","ess_pass","asdsf_pass"
"mk","tl1.00_gl0.10_c25","sim001","model12",TRUE,0.999310107050559,755.240235738711,481.313412663282,0.00679132062466635,TRUE,TRUE,TRUE
"mk","tl1.00_gl0.10_c25","sim002","model12",TRUE,0.999542019766666,712.946834869385,556.423957154302,0.00540315503520737,TRUE,TRUE,TRUE
"mk","tl1.00_gl0.10_c25","sim003","model12",TRUE,0.999166325978311,706.291602161943,457.016671152655,0.0082919250130017,TRUE,TRUE,TRUE
"mk","tl1.00_gl0.10_c25","sim004","model12",TRUE,0.999374805412113,790.415313898689,285.448751966844,0.00620817702067296,TRUE,TRUE,TRUE
"mk","tl1.00_gl0.10_c25","sim005","model12",TRUE,0.999130056530478,752.22365841735,465.944550241001,0.00714435094970967,TRUE,TRUE,TRUE
"mk","tl1.00_gl0.10_c25","sim006","model12",TRUE,0.999503846620994,1002.95957720119,424.562008993232,0.00520562462589173,TRUE,TRUE,TRUE
"mk","tl1.00_gl0.10_c25","sim007","model12",TRUE,0.999477952549596,741.562098578863,295.731110972936,0.0059524169490969,TRUE,TRUE,TRUE
"mk","tl1.00_gl0.10_c25","sim008","model12",TRUE,0.999542026627827,704.681575245991,564.837853542549,0.00555740253205503,TRUE,TRUE,TRUE
"mk","tl1.00_gl0.10_c25","sim009","model12",TRUE,0.99949987519759,796.453620115981,615.284437239959,0.00564929755444882,TRUE,TRUE,TRUE
"mk","tl1.00_gl0.10_c25","sim010","model12",TRUE,0.999583246839625,1089.80588717314,435.154394711099,0.00534419293738674,TRUE,TRUE,TRUE
"mk","tl1.50_gl0.10_c25","sim001","model12",TRUE,0.999599923057452,730.108500208824,484.583335842428,0.00516610423844081,TRUE,TRUE,TRUE
"mk","tl1.50_gl0.10_c25","sim002","model12",TRUE,0.99958906933298,840.204897301495,385.594165566022,0.00512246717599958,TRUE,TRUE,TRUE
"mk","tl1.50_gl0.10_c25","sim003","model12",TRUE,0.999627352824714,844.009479642507,402.063352814393,0.00465859891084078,TRUE,TRUE,TRUE
"mk","tl1.50_gl0.10_c25","sim004","model12",TRUE,0.999538216047608,783.854221264876,573.891498356219,0.00569162393649009,TRUE,TRUE,TRUE
"mk","tl1.50_gl0.10_c25","sim005","model12",TRUE,0.999752076411697,905.879558451477,602.472197210094,0.00390547881843253,TRUE,TRUE,TRUE
"mk","tl1.50_gl0.10_c25","sim006","model12",TRUE,0.999577257617275,774.191122973367,433.675193528574,0.00544739342776955,TRUE,TRUE,TRUE
"mk","tl1.50_gl0.10_c25","sim007","model12",TRUE,0.999670351657536,780.262863694317,305.743375505586,0.00437259306803594,TRUE,TRUE,TRUE
"mk","tl1.50_gl0.10_c25","sim008","model12",TRUE,0.999555457804732,941.56633827429,513.94319350734,0.00548980537332855,TRUE,TRUE,TRUE
"mk","tl1.50_gl0.10_c25","sim009","model12",TRUE,0.99937480586794,786.637973960948,428.145126488114,0.00625342606288337,TRUE,TRUE,TRUE
"mk","tl1.50_gl0.10_c25","sim010","model12",TRUE,0.999534781679459,692.202464544317,505.594101475226,0.00566883622126987,TRUE,TRUE,TRUE
"mk","tl2.50_gl0.10_c25","sim001","model12",TRUE,0.999733302071805,939.017792770021,271.835157077488,0.00411768157899885,TRUE,TRUE,TRUE
"mk","tl2.50_gl0.10_c25","sim002","model12",TRUE,0.999527306661776,871.967824352479,550.922487372045,0.00536768901376435,TRUE,TRUE,TRUE
"mk","tl2.50_gl0.10_c25","sim003","model12",TRUE,0.999558596866544,690.405754965129,403.429184799147,0.0052144496588941,TRUE,TRUE,TRUE
"mk","tl2.50_gl0.10_c25","sim004","model12",TRUE,0.999647081323437,849.393846146482,227.396901608215,0.00458540045011358,TRUE,TRUE,TRUE
"mk","tl2.50_gl0.10_c25","sim005","model12",TRUE,0.999710106711333,764.195945557969,276.453186834041,0.00441044522283881,TRUE,TRUE,TRUE
"mk","tl2.50_gl0.10_c25","sim006","model12",TRUE,0.999310113814565,692.16471188178,501.25870409894,0.00711642267842754,TRUE,TRUE,TRUE
"mk","tl2.50_gl0.10_c25","sim007","model12",TRUE,0.999499875118018,857.433058245009,549.961087209496,0.00511568967944807,TRUE,TRUE,TRUE
"mk","tl2.50_gl0.10_c25","sim008","model12",TRUE,0.999670348645038,719.956544462242,453.046001901661,0.00441953427655698,TRUE,TRUE,TRUE
"mk","tl2.50_gl0.10_c25","sim009","model12",TRUE,0.999361230455953,721.745284854358,333.289182745916,0.00562953995157385,TRUE,TRUE,TRUE
"mk","tl2.50_gl0.10_c25","sim010","model12",TRUE,0.999411594094398,676.183795307905,279.237429400676,0.00604778691735213,TRUE,TRUE,TRUE
"mk","tl5.00_gl0.10_c25","sim001","model12",TRUE,0.999545351655671,757.02003812677,272.072966654988,0.00540320541308111,TRUE,TRUE,TRUE
"mk","tl5.00_gl0.10_c25","sim002","model12",TRUE,0.999653199233903,883.22844340106,234.533933016459,0.00502388657728464,TRUE,TRUE,TRUE
"mk","tl5.00_gl0.10_c25","sim003","model12",TRUE,0.999523698362975,676.54872512892,187.799859931731,0.00547391666960332,TRUE,TRUE,TRUE
"mk","tl5.00_gl0.10_c25","sim004","model12",TRUE,0.999612928514121,741.27543731158,187.699443537182,0.00514261787545044,TRUE,TRUE,TRUE
"mk","tl5.00_gl0.10_c25","sim005","model12",TRUE,0.999267668760587,762.538735575341,146.635567502631,0.00694444444444444,TRUE,TRUE,TRUE
"mk","tl5.00_gl0.10_c25","sim006","model12",TRUE,0.999788739839269,1654.96961441703,194.404388610703,0.00363059663725918,TRUE,TRUE,TRUE
"mk","tl5.00_gl0.10_c25","sim007","model12",TRUE,0.999381024603322,638.306105699919,179.748003552092,0.00582251962387862,TRUE,TRUE,TRUE
"mk","tl5.00_gl0.10_c25","sim008","model12",TRUE,0.999647079797818,909.465033236736,396.638608215066,0.00486597174820968,TRUE,TRUE,TRUE
"mk","tl5.00_gl0.10_c25","sim009","model12",TRUE,0.999508237035589,845.959864642552,300.769729224377,0.00562509412066934,TRUE,TRUE,TRUE
"mk","tl5.00_gl0.10_c25","sim010","model12",TRUE,0.999784183334696,661.590647549761,421.671908966043,0.00353399833991889,TRUE,TRUE,TRUE
"mk","tl1.00_gl0.25_c25","sim001","model12",TRUE,0.999310107050559,755.240235738711,481.313412663282,0.00679132062466635,TRUE,TRUE,TRUE
"mk","tl1.00_gl0.25_c25","sim002","model12",TRUE,0.999542019766666,712.946834869385,556.423957154302,0.00540315503520737,TRUE,TRUE,TRUE
"mk","tl1.00_gl0.25_c25","sim003","model12",TRUE,0.999166325978311,706.291602161943,457.016671152655,0.0082919250130017,TRUE,TRUE,TRUE
"mk","tl1.00_gl0.25_c25","sim004","model12",TRUE,0.999374805412113,790.415313898689,285.448751966844,0.00620817702067296,TRUE,TRUE,TRUE
"mk","tl1.00_gl0.25_c25","sim005","model12",TRUE,0.999130056530478,752.22365841735,465.944550241001,0.00714435094970967,TRUE,TRUE,TRUE
"mk","tl1.00_gl0.25_c25","sim006","model12",TRUE,0.999503846620994,1002.95957720119,424.562008993232,0.00520562462589173,TRUE,TRUE,TRUE
"mk","tl1.00_gl0.25_c25","sim007","model12",TRUE,0.999477952549596,741.562098578863,295.731110972936,0.0059524169490969,TRUE,TRUE,TRUE
"mk","tl1.00_gl0.25_c25","sim008","model12",TRUE,0.999542026627827,704.681575245991,564.837853542549,0.00555740253205503,TRUE,TRUE,TRUE
"mk","tl1.00_gl0.25_c25","sim009","model12",TRUE,0.99949987519759,796.453620115981,615.284437239959,0.00564929755444882,TRUE,TRUE,TRUE
"mk","tl1.00_gl0.25_c25","sim010","model12",TRUE,0.999583246839625,1089.80588717314,435.154394711099,0.00534419293738674,TRUE,TRUE,TRUE
"mk","tl1.50_gl0.25_c25","sim001","model12",TRUE,0.999599923057452,730.108500208824,484.583335842428,0.00516610423844081,TRUE,TRUE,TRUE
"mk","tl1.50_gl0.25_c25","sim002","model12",TRUE,0.99958906933298,840.204897301495,385.594165566022,0.00512246717599958,TRUE,TRUE,TRUE
"mk","tl1.50_gl0.25_c25","sim003","model12",TRUE,0.999627352824714,844.009479642507,402.063352814393,0.00465859891084078,TRUE,TRUE,TRUE
"mk","tl1.50_gl0.25_c25","sim004","model12",TRUE,0.999538216047608,783.854221264876,573.891498356219,0.00569162393649009,TRUE,TRUE,TRUE
"mk","tl1.50_gl0.25_c25","sim005","model12",TRUE,0.999752076411697,905.879558451477,602.472197210094,0.00390547881843253,TRUE,TRUE,TRUE
"mk","tl1.50_gl0.25_c25","sim006","model12",TRUE,0.999577257617275,774.191122973367,433.675193528574,0.00544739342776955,TRUE,TRUE,TRUE
"mk","tl1.50_gl0.25_c25","sim007","model12",TRUE,0.999670351657536,780.262863694317,305.743375505586,0.00437259306803594,TRUE,TRUE,TRUE
"mk","tl1.50_gl0.25_c25","sim008","model12",TRUE,0.999555457804732,941.56633827429,513.94319350734,0.00548980537332855,TRUE,TRUE,TRUE
"mk","tl1.50_gl0.25_c25","sim009","model12",TRUE,0.99937480586794,786.637973960948,428.145126488114,0.00625342606288337,TRUE,TRUE,TRUE
"mk","tl1.50_gl0.25_c25","sim010","model12",TRUE,0.999534781679459,692.202464544317,505.594101475226,0.00566883622126987,TRUE,TRUE,TRUE
"mk","tl2.50_gl0.25_c25","sim001","model12",TRUE,0.999733302071805,939.017792770021,271.835157077488,0.00411768157899885,TRUE,TRUE,TRUE
"mk","tl2.50_gl0.25_c25","sim002","model12",TRUE,0.999527306661776,871.967824352479,550.922487372045,0.00536768901376435,TRUE,TRUE,TRUE
"mk","tl2.50_gl0.25_c25","sim003","model12",TRUE,0.999558596866544,690.405754965129,403.429184799147,0.0052144496588941,TRUE,TRUE,TRUE
"mk","tl2.50_gl0.25_c25","sim004","model12",TRUE,0.999647081323437,849.393846146482,227.396901608215,0.00458540045011358,TRUE,TRUE,TRUE
"mk","tl2.50_gl0.25_c25","sim005","model12",TRUE,0.999710106711333,764.195945557969,276.453186834041,0.00441044522283881,TRUE,TRUE,TRUE
"mk","tl2.50_gl0.25_c25","sim006","model12",TRUE,0.999310113814565,692.16471188178,501.25870409894,0.00711642267842754,TRUE,TRUE,TRUE
"mk","tl2.50_gl0.25_c25","sim007","model12",TRUE,0.999499875118018,857.433058245009,549.961087209496,0.00511568967944807,TRUE,TRUE,TRUE
"mk","tl2.50_gl0.25_c25","sim008","model12",TRUE,0.999670348645038,719.956544462242,453.046001901661,0.00441953427655698,TRUE,TRUE,TRUE
"mk","tl2.50_gl0.25_c25","sim009","model12",TRUE,0.999361230455953,721.745284854358,333.289182745916,0.00562953995157385,TRUE,TRUE,TRUE
"mk","tl2.50_gl0.25_c25","sim010","model12",TRUE,0.999411594094398,676.183795307905,279.237429400676,0.00604778691735213,TRUE,TRUE,TRUE
"mk","tl5.00_gl0.25_c25","sim001","model12",TRUE,0.999545351655671,757.02003812677,272.072966654988,0.00540320541308111,TRUE,TRUE,TRUE
"mk","tl5.00_gl0.25_c25","sim002","model12",TRUE,0.999653199233903,883.22844340106,234.533933016459,0.00502388657728464,TRUE,TRUE,TRUE
"mk","tl5.00_gl0.25_c25","sim003","model12",TRUE,0.999523698362975,676.54872512892,187.799859931731,0.00547391666960332,TRUE,TRUE,TRUE
"mk","tl5.00_gl0.25_c25","sim004","model12",TRUE,0.999612928514121,741.27543731158,187.699443537182,0.00514261787545044,TRUE,TRUE,TRUE
"mk","tl5.00_gl0.25_c25","sim005","model12",TRUE,0.999267668760587,762.538735575341,146.635567502631,0.00694444444444444,TRUE,TRUE,TRUE
"mk","tl5.00_gl0.25_c25","sim006","model12",TRUE,0.999780292218031,1552.13826378261,232.635587580195,0.00369025430852998,TRUE,TRUE,TRUE
"mk","tl5.00_gl0.25_c25","sim007","model12",TRUE,0.999381024603322,638.306105699919,179.748003552092,0.00582251962387862,TRUE,TRUE,TRUE
"mk","tl5.00_gl0.25_c25","sim008","model12",TRUE,0.999647079797818,909.465033236736,396.638608215066,0.00486597174820968,TRUE,TRUE,TRUE
"mk","tl5.00_gl0.25_c25","sim009","model12",TRUE,0.999508237035589,845.959864642552,300.769729224377,0.00562509412066934,TRUE,TRUE,TRUE
"mk","tl5.00_gl0.25_c25","sim010","model12",TRUE,0.999780968856957,658.958307931903,429.213824663401,0.0035550666617423,TRUE,TRUE,TRUE
"mk","tl1.00_gl0.50_c25","sim001","model12",TRUE,0.999310107050559,755.240235738711,481.313412663282,0.00679132062466635,TRUE,TRUE,TRUE
"mk","tl1.00_gl0.50_c25","sim002","model12",TRUE,0.999542019766666,712.946834869385,556.423957154302,0.00540315503520737,TRUE,TRUE,TRUE
"mk","tl1.00_gl0.50_c25","sim003","model12",TRUE,0.999166325978311,706.291602161943,457.016671152655,0.0082919250130017,TRUE,TRUE,TRUE
"mk","tl1.00_gl0.50_c25","sim004","model12",TRUE,0.999374805412113,790.415313898689,285.448751966844,0.00620817702067296,TRUE,TRUE,TRUE
"mk","tl1.00_gl0.50_c25","sim005","model12",TRUE,0.999130056530478,752.22365841735,465.944550241001,0.00714435094970967,TRUE,TRUE,TRUE
"mk","tl1.00_gl0.50_c25","sim006","model12",TRUE,0.999503846620994,1002.95957720119,424.562008993232,0.00520562462589173,TRUE,TRUE,TRUE
"mk","tl1.00_gl0.50_c25","sim007","model12",TRUE,0.999477952549596,741.562098578863,295.731110972936,0.0059524169490969,TRUE,TRUE,TRUE
"mk","tl1.00_gl0.50_c25","sim008","model12",TRUE,0.999542026627827,704.681575245991,564.837853542549,0.00555740253205503,TRUE,TRUE,TRUE
"mk","tl1.00_gl0.50_c25","sim009","model12",TRUE,0.99949987519759,796.453620115981,615.284437239959,0.00564929755444882,TRUE,TRUE,TRUE
"mk","tl1.00_gl0.50_c25","sim010","model12",TRUE,0.999583246839625,1089.80588717314,435.154394711099,0.00534419293738674,TRUE,TRUE,TRUE
"mk","tl1.50_gl0.50_c25","sim001","model12",TRUE,0.999599923057452,730.108500208824,484.583335842428,0.00516610423844081,TRUE,TRUE,TRUE
"mk","tl1.50_gl0.50_c25","sim002","model12",TRUE,0.99958906933298,840.204897301495,385.594165566022,0.00512246717599958,TRUE,TRUE,TRUE
"mk","tl1.50_gl0.50_c25","sim003","model12",TRUE,0.999627352824714,844.009479642507,402.063352814393,0.00465859891084078,TRUE,TRUE,TRUE
"mk","tl1.50_gl0.50_c25","sim004","model12",TRUE,0.999538216047608,783.854221264876,573.891498356219,0.00569162393649009,TRUE,TRUE,TRUE
"mk","tl1.50_gl0.50_c25","sim005","model12",TRUE,0.999752076411697,905.879558451477,602.472197210094,0.00390547881843253,TRUE,TRUE,TRUE
"mk","tl1.50_gl0.50_c25","sim006","model12",TRUE,0.999577257617275,774.191122973367,433.675193528574,0.00544739342776955,TRUE,TRUE,TRUE
"mk","tl1.50_gl0.50_c25","sim007","model12",TRUE,0.999670351657536,780.262863694317,305.743375505586,0.00437259306803594,TRUE,TRUE,TRUE
"mk","tl1.50_gl0.50_c25","sim008","model12",TRUE,0.999555457804732,941.56633827429,513.94319350734,0.00548980537332855,TRUE,TRUE,TRUE
"mk","tl1.50_gl0.50_c25","sim009","model12",TRUE,0.99937480586794,786.637973960948,428.145126488114,0.00625342606288337,TRUE,TRUE,TRUE
"mk","tl1.50_gl0.50_c25","sim010","model12",TRUE,0.999534781679459,692.202464544317,505.594101475226,0.00566883622126987,TRUE,TRUE,TRUE
"mk","tl2.50_gl0.50_c25","sim001","model12",TRUE,0.999733302071805,939.017792770021,271.835157077488,0.00411768157899885,TRUE,TRUE,TRUE
"mk","tl2.50_gl0.50_c25","sim002","model12",TRUE,0.999527306661776,871.967824352479,550.922487372045,0.00536768901376435,TRUE,TRUE,TRUE
"mk","tl2.50_gl0.50_c25","sim003","model12",TRUE,0.999558596866544,690.405754965129,403.429184799147,0.0052144496588941,TRUE,TRUE,TRUE
"mk","tl2.50_gl0.50_c25","sim004","model12",TRUE,0.999647081323437,849.393846146482,227.396901608215,0.00458540045011358,TRUE,TRUE,TRUE
"mk","tl2.50_gl0.50_c25","sim005","model12",TRUE,0.999710106711333,764.195945557969,276.453186834041,0.00441044522283881,TRUE,TRUE,TRUE
"mk","tl2.50_gl0.50_c25","sim006","model12",TRUE,0.999310113814565,692.16471188178,501.25870409894,0.00711642267842754,TRUE,TRUE,TRUE
"mk","tl2.50_gl0.50_c25","sim007","model12",TRUE,0.999499875118018,857.433058245009,549.961087209496,0.00511568967944807,TRUE,TRUE,TRUE
"mk","tl2.50_gl0.50_c25","sim008","model12",TRUE,0.999670348645038,719.956544462242,453.046001901661,0.00441953427655698,TRUE,TRUE,TRUE
"mk","tl2.50_gl0.50_c25","sim009","model12",TRUE,0.999361230455953,721.745284854358,333.289182745916,0.00562953995157385,TRUE,TRUE,TRUE
"mk","tl2.50_gl0.50_c25","sim010","model12",TRUE,0.999411594094398,676.183795307905,279.237429400676,0.00604778691735213,TRUE,TRUE,TRUE
"mk","tl5.00_gl0.50_c25","sim001","model12",TRUE,0.999545351655671,757.02003812677,272.072966654988,0.00540320541308111,TRUE,TRUE,TRUE
"mk","tl5.00_gl0.50_c25","sim002","model12",TRUE,0.999653199233903,883.22844340106,234.533933016459,0.00502388657728464,TRUE,TRUE,TRUE
"mk","tl5.00_gl0.50_c25","sim003","model12",TRUE,0.999523698362975,676.54872512892,187.799859931731,0.00547391666960332,TRUE,TRUE,TRUE
"mk","tl5.00_gl0.50_c25","sim004","model12",TRUE,0.999612928514121,741.27543731158,187.699443537182,0.00514261787545044,TRUE,TRUE,TRUE
"mk","tl5.00_gl0.50_c25","sim005","model12",TRUE,0.999267668760587,762.538735575341,146.635567502631,0.00694444444444444,TRUE,TRUE,TRUE
"mk","tl5.00_gl0.50_c25","sim006","model12",TRUE,0.999790246466494,1669.69497829478,219.029733210287,0.0036516627687592,TRUE,TRUE,TRUE
"mk","tl5.00_gl0.50_c25","sim007","model12",TRUE,0.999381024603322,638.306105699919,179.748003552092,0.00582251962387862,TRUE,TRUE,TRUE
"mk","tl5.00_gl0.50_c25","sim008","model12",TRUE,0.999647079797818,909.465033236736,396.638608215066,0.00486597174820968,TRUE,TRUE,TRUE
"mk","tl5.00_gl0.50_c25","sim009","model12",TRUE,0.999508237035589,845.959864642552,300.769729224377,0.00562509412066934,TRUE,TRUE,TRUE
"mk","tl5.00_gl0.50_c25","sim010","model12",TRUE,0.999782587954849,658.770844265621,434.903526895415,0.00355139455756679,TRUE,TRUE,TRUE
"mk","tl1.00_gl1.00_c25","sim001","model12",TRUE,0.999310107050559,755.240235738711,481.313412663282,0.00679132062466635,TRUE,TRUE,TRUE
"mk","tl1.00_gl1.00_c25","sim002","model12",TRUE,0.999542019766666,712.946834869385,556.423957154302,0.00540315503520737,TRUE,TRUE,TRUE
"mk","tl1.00_gl1.00_c25","sim003","model12",TRUE,0.999166325978311,706.291602161943,457.016671152655,0.0082919250130017,TRUE,TRUE,TRUE
"mk","tl1.00_gl1.00_c25","sim004","model12",TRUE,0.999374805412113,790.415313898689,285.448751966844,0.00620817702067296,TRUE,TRUE,TRUE
"mk","tl1.00_gl1.00_c25","sim005","model12",TRUE,0.999130056530478,752.22365841735,465.944550241001,0.00714435094970967,TRUE,TRUE,TRUE
"mk","tl1.00_gl1.00_c25","sim006","model12",TRUE,0.999503846620994,1002.95957720119,424.562008993232,0.00520562462589173,TRUE,TRUE,TRUE
"mk","tl1.00_gl1.00_c25","sim007","model12",TRUE,0.999477952549596,741.562098578863,295.731110972936,0.0059524169490969,TRUE,TRUE,TRUE
"mk","tl1.00_gl1.00_c25","sim008","model12",TRUE,0.999542026627827,704.681575245991,564.837853542549,0.00555740253205503,TRUE,TRUE,TRUE
"mk","tl1.00_gl1.00_c25","sim009","model12",TRUE,0.99949987519759,796.453620115981,615.284437239959,0.00564929755444882,TRUE,TRUE,TRUE
"mk","tl1.00_gl1.00_c25","sim010","model12",TRUE,0.999583246839625,1089.80588717314,435.154394711099,0.00534419293738674,TRUE,TRUE,TRUE
"mk","tl1.50_gl1.00_c25","sim001","model12",TRUE,0.999599923057452,730.108500208824,484.583335842428,0.00516610423844081,TRUE,TRUE,TRUE
"mk","tl1.50_gl1.00_c25","sim002","model12",TRUE,0.99958906933298,840.204897301495,385.594165566022,0.00512246717599958,TRUE,TRUE,TRUE
"mk","tl1.50_gl1.00_c25","sim003","model12",TRUE,0.999627352824714,844.009479642507,402.063352814393,0.00465859891084078,TRUE,TRUE,TRUE
"mk","tl1.50_gl1.00_c25","sim004","model12",TRUE,0.999538216047608,783.854221264876,573.891498356219,0.00569162393649009,TRUE,TRUE,TRUE
"mk","tl1.50_gl1.00_c25","sim005","model12",TRUE,0.999752076411697,905.879558451477,602.472197210094,0.00390547881843253,TRUE,TRUE,TRUE
"mk","tl1.50_gl1.00_c25","sim006","model12",TRUE,0.999577257617275,774.191122973367,433.675193528574,0.00544739342776955,TRUE,TRUE,TRUE
"mk","tl1.50_gl1.00_c25","sim007","model12",TRUE,0.999670351657536,780.262863694317,305.743375505586,0.00437259306803594,TRUE,TRUE,TRUE
"mk","tl1.50_gl1.00_c25","sim008","model12",TRUE,0.999555457804732,941.56633827429,513.94319350734,0.00548980537332855,TRUE,TRUE,TRUE
"mk","tl1.50_gl1.00_c25","sim009","model12",TRUE,0.99937480586794,786.637973960948,428.145126488114,0.00625342606288337,TRUE,TRUE,TRUE
"mk","tl1.50_gl1.00_c25","sim010","model12",TRUE,0.999534781679459,692.202464544317,505.594101475226,0.00566883622126987,TRUE,TRUE,TRUE
"mk","tl2.50_gl1.00_c25","sim001","model12",TRUE,0.999733302071805,939.017792770021,271.835157077488,0.00411768157899885,TRUE,TRUE,TRUE
"mk","tl2.50_gl1.00_c25","sim002","model12",TRUE,0.999527306661776,871.967824352479,550.922487372045,0.00536768901376435,TRUE,TRUE,TRUE
"mk","tl2.50_gl1.00_c25","sim003","model12",TRUE,0.999558596866544,690.405754965129,403.429184799147,0.0052144496588941,TRUE,TRUE,TRUE
"mk","tl2.50_gl1.00_c25","sim004","model12",TRUE,0.999647081323437,849.393846146482,227.396901608215,0.00458540045011358,TRUE,TRUE,TRUE
"mk","tl2.50_gl1.00_c25","sim005","model12",TRUE,0.999710106711333,764.195945557969,276.453186834041,0.00441044522283881,TRUE,TRUE,TRUE
"mk","tl2.50_gl1.00_c25","sim006","model12",TRUE,0.999310113814565,692.16471188178,501.25870409894,0.00711642267842754,TRUE,TRUE,TRUE
"mk","tl2.50_gl1.00_c25","sim007","model12",TRUE,0.999499875118018,857.433058245009,549.961087209496,0.00511568967944807,TRUE,TRUE,TRUE
"mk","tl2.50_gl1.00_c25","sim008","model12",TRUE,0.999670348645038,719.956544462242,453.046001901661,0.00441953427655698,TRUE,TRUE,TRUE
"mk","tl2.50_gl1.00_c25","sim009","model12",TRUE,0.999361230455953,721.745284854358,333.289182745916,0.00562953995157385,TRUE,TRUE,TRUE
"mk","tl2.50_gl1.00_c25","sim010","model12",TRUE,0.999411594094398,676.183795307905,279.237429400676,0.00604778691735213,TRUE,TRUE,TRUE
"mk","tl5.00_gl1.00_c25","sim001","model12",TRUE,0.999545351655671,757.02003812677,272.072966654988,0.00540320541308111,TRUE,TRUE,TRUE
"mk","tl5.00_gl1.00_c25","sim002","model12",TRUE,0.999653199233903,883.22844340106,234.533933016459,0.00502388657728464,TRUE,TRUE,TRUE
"mk","tl5.00_gl1.00_c25","sim003","model12",TRUE,0.999523698362975,676.54872512892,187.799859931731,0.00547391666960332,TRUE,TRUE,TRUE
"mk","tl5.00_gl1.00_c25","sim004","model12",TRUE,0.999612928514121,741.27543731158,187.699443537182,0.00514261787545044,TRUE,TRUE,TRUE
"mk","tl5.00_gl1.00_c25","sim005","model12",TRUE,0.999267668760587,762.538735575341,146.635567502631,0.00694444444444444,TRUE,TRUE,TRUE
"mk","tl5.00_gl1.00_c25","sim006","model12",TRUE,0.999782679567547,1590.99437664216,249.150831771261,0.00368214182535731,TRUE,TRUE,TRUE
"mk","tl5.00_gl1.00_c25","sim007","model12",TRUE,0.999381024603322,638.306105699919,179.748003552092,0.00582251962387862,TRUE,TRUE,TRUE
"mk","tl5.00_gl1.00_c25","sim008","model12",TRUE,0.999647079797818,909.465033236736,396.638608215066,0.00486597174820968,TRUE,TRUE,TRUE
"mk","tl5.00_gl1.00_c25","sim009","model12",TRUE,0.999508237035589,845.959864642552,300.769729224377,0.00562509412066934,TRUE,TRUE,TRUE
"mk","tl5.00_gl1.00_c25","sim010","model12",TRUE,0.999789454391091,684.196724035944,379.62261764888,0.00345458437943987,TRUE,TRUE,TRUE
"mk","tl1.00_gl0.10_c50","sim001","model12",TRUE,0.99926767127302,706.502408258537,362.832375137735,0.00597371565113501,TRUE,TRUE,TRUE
"mk","tl1.00_gl0.10_c50","sim002","model12",TRUE,0.999664825907378,710.326947289332,373.040731950952,0.00441993965061113,TRUE,TRUE,TRUE
"mk","tl1.00_gl0.10_c50","sim003","model12",TRUE,0.999503845749316,558.03656627126,271.438637246413,0.00598395161879568,TRUE,TRUE,TRUE
"mk","tl1.00_gl0.10_c50","sim004","model12",TRUE,0.999487074615112,634.876566886005,577.469359707086,0.0057872707579902,TRUE,TRUE,TRUE
"mk","tl1.00_gl0.10_c50","sim005","model12",TRUE,0.999755112137029,728.096254829361,630.98873223551,0.00374786008209993,TRUE,TRUE,TRUE
"mk","tl1.00_gl0.10_c50","sim006","model12",TRUE,0.999463952801463,667.620457367897,527.617377701721,0.00623588044285771,TRUE,TRUE,TRUE
"mk","tl1.00_gl0.10_c50","sim007","model12",TRUE,0.999724783420342,1003.70048729206,476.680249781963,0.00388104119529546,TRUE,TRUE,TRUE
"mk","tl1.00_gl0.10_c50","sim008","model12",TRUE,0.999620284582111,690.384337455154,653.156753323921,0.00509967461170392,TRUE,TRUE,TRUE
"mk","tl1.00_gl0.10_c50","sim009","model12",TRUE,0.999405999451079,805.083705625872,543.532941891927,0.00649597774307424,TRUE,TRUE,TRUE
"mk","tl1.00_gl0.10_c50","sim010","model12",TRUE,0.999693769286331,561.136379928886,416.292773645679,0.00417462536675659,TRUE,TRUE,TRUE
"mk","tl1.50_gl0.10_c50","sim001","model12",TRUE,0.999768277319073,959.526789255514,492.22714658779,0.00368799794883992,TRUE,TRUE,TRUE
"mk","tl1.50_gl0.10_c50","sim002","model12",TRUE,0.999624837985854,732.311268603662,472.114428262157,0.00466324482893467,TRUE,TRUE,TRUE
"mk","tl1.50_gl0.10_c50","sim003","model12",TRUE,0.999586007333359,814.721568528539,317.819056249601,0.00496833036343753,TRUE,TRUE,TRUE
"mk","tl1.50_gl0.10_c50","sim004","model12",TRUE,0.999748965909971,717.201696619745,507.397019421973,0.00401606425702811,TRUE,TRUE,TRUE
"mk","tl1.50_gl0.10_c50","sim005","model12",TRUE,0.999757019097378,712.177993254897,553.123155820848,0.00355249954096669,TRUE,TRUE,TRUE
"mk","tl1.50_gl0.10_c50","sim006","model12",TRUE,0.999555460831341,922.700395808832,478.677796316515,0.00525953074115391,TRUE,TRUE,TRUE
"mk","tl1.50_gl0.10_c50","sim007","model12",TRUE,0.999711442789832,844.031697751573,573.28461722978,0.00362553512626159,TRUE,TRUE,TRUE
"mk","tl1.50_gl0.10_c50","sim008","model12",TRUE,0.999765670950187,457.221232148769,666.161067592227,0.00360343255103754,TRUE,TRUE,TRUE
"mk","tl1.50_gl0.10_c50","sim009","model12",TRUE,0.999597343373206,463.578512975607,346.912792489831,0.0049606958216798,TRUE,TRUE,TRUE
"mk","tl1.50_gl0.10_c50","sim010","model12",TRUE,0.999568128657055,459.733223665856,560.633849623219,0.00511612534145472,TRUE,TRUE,TRUE
"mk","tl2.50_gl0.10_c50","sim001","model12",TRUE,0.999347898177931,902.650066493637,305.460704528019,0.00685854524339071,TRUE,TRUE,TRUE
"mk","tl2.50_gl0.10_c50","sim002","model12",TRUE,0.999411599578571,781.300959141608,299.316008520741,0.005894672869696,TRUE,TRUE,TRUE
"mk","tl2.50_gl0.10_c50","sim003","model12",TRUE,0.999347896944684,877.02557466986,540.756475648787,0.00650054171180932,TRUE,TRUE,TRUE
"mk","tl2.50_gl0.10_c50","sim004","model12",TRUE,0.999239832849259,700.080914790114,314.120583391897,0.00635267245800574,TRUE,TRUE,TRUE
"mk","tl2.50_gl0.10_c50","sim005","model12",TRUE,0.999759938167842,444.749714884685,347.068994572018,0.00339468765572412,TRUE,TRUE,TRUE
"mk","tl2.50_gl0.10_c50","sim006","model12",TRUE,0.999433599084517,814.717274774744,296.628972793492,0.00621713961199553,TRUE,TRUE,TRUE
"mk","tl2.50_gl0.10_c50","sim007","model12",TRUE,0.999491225040263,707.238725349883,220.274826858526,0.00520448386302045,TRUE,TRUE,TRUE
"mk","tl2.50_gl0.10_c50","sim008","model12",TRUE,0.999764679388631,607.720492393921,600.125459293039,0.00379295850763596,TRUE,TRUE,TRUE
"mk","tl2.50_gl0.10_c50","sim009","model12",TRUE,0.999473546954026,753.164230834843,320.42635955371,0.00619257124604512,TRUE,TRUE,TRUE
"mk","tl2.50_gl0.10_c50","sim010","model12",TRUE,0.999487048332577,861.069016264649,269.050894860474,0.00522394243650476,TRUE,TRUE,TRUE
"mk","tl5.00_gl0.10_c50","sim001","model12",TRUE,0.999675735299588,1431.60550813631,319.933530232125,0.00527287239349496,TRUE,TRUE,TRUE
"mk","tl5.00_gl0.10_c50","sim002","model12",TRUE,0.999189304340024,714.470377736653,341.823343504273,0.00725730354338237,TRUE,TRUE,TRUE
"mk","tl5.00_gl0.10_c50","sim003","model12",TRUE,0.999747825087967,2152.03715444364,600.000153918323,0.00495046724773115,TRUE,TRUE,TRUE
"mk","tl5.00_gl0.10_c50","sim004","model12",TRUE,0.999209798522798,735.284166796873,313.713110721114,0.00737695765054019,TRUE,TRUE,TRUE
"mk","tl5.00_gl0.10_c50","sim005","model12",TRUE,0.999077066478534,799.653480927704,185.763184405799,0.00878980639672348,TRUE,TRUE,TRUE
"mk","tl5.00_gl0.10_c50","sim006","model12",TRUE,0.999761990158304,1885.4515591604,84.4351569318632,0.00456699583803688,TRUE,TRUE,TRUE
"mk","tl5.00_gl0.10_c50","sim007","model12",TRUE,0.99940599965818,770.428213009984,246.619243400297,0.00650248352733035,TRUE,TRUE,TRUE
"mk","tl5.00_gl0.10_c50","sim008","model12",TRUE,0.999250093703879,681.938970502127,291.141856003514,0.00614442315020597,TRUE,TRUE,TRUE
"mk","tl5.00_gl0.10_c50","sim009","model12",TRUE,0.999354631253738,726.684879088396,195.465248775638,0.00754821449570773,TRUE,TRUE,TRUE
"mk","tl5.00_gl0.10_c50","sim010","model12",TRUE,0.999230473663516,683.92415076569,256.490816153239,0.00674384624030572,TRUE,TRUE,TRUE
"mk","tl1.00_gl0.25_c50","sim001","model12",TRUE,0.99926767127302,706.502408258537,362.832375137735,0.00597371565113501,TRUE,TRUE,TRUE
"mk","tl1.00_gl0.25_c50","sim002","model12",TRUE,0.999664825907378,710.326947289332,373.040731950952,0.00441993965061113,TRUE,TRUE,TRUE
"mk","tl1.00_gl0.25_c50","sim003","model12",TRUE,0.999503845749316,558.03656627126,271.438637246413,0.00598395161879568,TRUE,TRUE,TRUE
"mk","tl1.00_gl0.25_c50","sim004","model12",TRUE,0.999487074615112,634.876566886005,577.469359707086,0.0057872707579902,TRUE,TRUE,TRUE
"mk","tl1.00_gl0.25_c50","sim005","model12",TRUE,0.999755112137029,728.096254829361,630.98873223551,0.00374786008209993,TRUE,TRUE,TRUE
"mk","tl1.00_gl0.25_c50","sim006","model12",TRUE,0.999463952801463,667.620457367897,527.617377701721,0.00623588044285771,TRUE,TRUE,TRUE
"mk","tl1.00_gl0.25_c50","sim007","model12",TRUE,0.999724783420342,1003.70048729206,476.680249781963,0.00388104119529546,TRUE,TRUE,TRUE
"mk","tl1.00_gl0.25_c50","sim008","model12",TRUE,0.999620284582111,690.384337455154,653.156753323921,0.00509967461170392,TRUE,TRUE,TRUE
"mk","tl1.00_gl0.25_c50","sim009","model12",TRUE,0.999405999451079,805.083705625872,543.532941891927,0.00649597774307424,TRUE,TRUE,TRUE
"mk","tl1.00_gl0.25_c50","sim010","model12",TRUE,0.999693769286331,561.136379928886,416.292773645679,0.00417462536675659,TRUE,TRUE,TRUE
"mk","tl1.50_gl0.25_c50","sim001","model12",TRUE,0.999768277319073,959.526789255514,492.22714658779,0.00368799794883992,TRUE,TRUE,TRUE
"mk","tl1.50_gl0.25_c50","sim002","model12",TRUE,0.999624837985854,732.311268603662,472.114428262157,0.00466324482893467,TRUE,TRUE,TRUE
"mk","tl1.50_gl0.25_c50","sim003","model12",TRUE,0.999586007333359,814.721568528539,317.819056249601,0.00496833036343753,TRUE,TRUE,TRUE
"mk","tl1.50_gl0.25_c50","sim004","model12",TRUE,0.999758075594166,756.898725096869,658.082621980399,0.00392672156548427,TRUE,TRUE,TRUE
"mk","tl1.50_gl0.25_c50","sim005","model12",TRUE,0.999757019097378,712.177993254897,553.123155820848,0.00355249954096669,TRUE,TRUE,TRUE
"mk","tl1.50_gl0.25_c50","sim006","model12",TRUE,0.999555460831341,922.700395808832,478.677796316515,0.00525953074115391,TRUE,TRUE,TRUE
"mk","tl1.50_gl0.25_c50","sim007","model12",TRUE,0.999711442789832,844.031697751573,573.28461722978,0.00362553512626159,TRUE,TRUE,TRUE
"mk","tl1.50_gl0.25_c50","sim008","model12",TRUE,0.999758074466356,436.954565403504,500.182593046743,0.00364687157139987,TRUE,TRUE,TRUE
"mk","tl1.50_gl0.25_c50","sim009","model12",TRUE,0.999597343373206,463.578512975607,346.912792489831,0.0049606958216798,TRUE,TRUE,TRUE
"mk","tl1.50_gl0.25_c50","sim010","model12",TRUE,0.999568128657055,459.733223665856,560.633849623219,0.00511612534145472,TRUE,TRUE,TRUE
"mk","tl2.50_gl0.25_c50","sim001","model12",TRUE,0.999347898177931,902.650066493637,305.460704528019,0.00685854524339071,TRUE,TRUE,TRUE
"mk","tl2.50_gl0.25_c50","sim002","model12",TRUE,0.999411599578571,781.300959141608,299.316008520741,0.005894672869696,TRUE,TRUE,TRUE
"mk","tl2.50_gl0.25_c50","sim003","model12",TRUE,0.999347896944684,877.02557466986,540.756475648787,0.00650054171180932,TRUE,TRUE,TRUE
"mk","tl2.50_gl0.25_c50","sim004","model12",TRUE,0.999239832849259,700.080914790114,314.120583391897,0.00635267245800574,TRUE,TRUE,TRUE
"mk","tl2.50_gl0.25_c50","sim005","model12",TRUE,0.999763794031715,460.118645779283,457.933047543399,0.0033812315342783,TRUE,TRUE,TRUE
"mk","tl2.50_gl0.25_c50","sim006","model12",TRUE,0.999433599084517,814.717274774744,296.628972793492,0.00621713961199553,TRUE,TRUE,TRUE
"mk","tl2.50_gl0.25_c50","sim007","model12",TRUE,0.999491225040263,707.238725349883,220.274826858526,0.00520448386302045,TRUE,TRUE,TRUE
"mk","tl2.50_gl0.25_c50","sim008","model12",TRUE,0.999764679388631,607.720492393921,600.125459293039,0.00379295850763596,TRUE,TRUE,TRUE
"mk","tl2.50_gl0.25_c50","sim009","model12",TRUE,0.999473546954026,753.164230834843,320.42635955371,0.00619257124604512,TRUE,TRUE,TRUE
"mk","tl2.50_gl0.25_c50","sim010","model12",TRUE,0.999487048332577,861.069016264649,269.050894860474,0.00522394243650476,TRUE,TRUE,TRUE
"mk","tl5.00_gl0.25_c50","sim001","model12",TRUE,0.999675735299588,1431.60550813631,319.933530232125,0.00527287239349496,TRUE,TRUE,TRUE
"mk","tl5.00_gl0.25_c50","sim002","model12",TRUE,0.999189304340024,714.470377736653,341.823343504273,0.00725730354338237,TRUE,TRUE,TRUE
"mk","tl5.00_gl0.25_c50","sim003","model12",TRUE,0.999771871867415,2246.38223473882,539.656576983884,0.00474139214346199,TRUE,TRUE,TRUE
"mk","tl5.00_gl0.25_c50","sim004","model12",TRUE,0.999209798522798,735.284166796873,313.713110721114,0.00737695765054019,TRUE,TRUE,TRUE
"mk","tl5.00_gl0.25_c50","sim005","model12",TRUE,0.999077066478534,799.653480927704,185.763184405799,0.00878980639672348,TRUE,TRUE,TRUE
"mk","tl5.00_gl0.25_c50","sim006","model12",TRUE,0.999761080314743,1875.86934448144,73.5422017295047,0.00460364308692604,TRUE,TRUE,TRUE
"mk","tl5.00_gl0.25_c50","sim007","model12",TRUE,0.99940599965818,770.428213009984,246.619243400297,0.00650248352733035,TRUE,TRUE,TRUE
"mk","tl5.00_gl0.25_c50","sim008","model12",TRUE,0.999250093703879,681.938970502127,291.141856003514,0.00614442315020597,TRUE,TRUE,TRUE
"mk","tl5.00_gl0.25_c50","sim009","model12",TRUE,0.999354631253738,726.684879088396,195.465248775638,0.00754821449570773,TRUE,TRUE,TRUE
"mk","tl5.00_gl0.25_c50","sim010","model12",TRUE,0.999230473663516,683.92415076569,256.490816153239,0.00674384624030572,TRUE,TRUE,TRUE
"mk","tl1.00_gl0.50_c50","sim001","model12",TRUE,0.99926767127302,706.502408258537,362.832375137735,0.00597371565113501,TRUE,TRUE,TRUE
"mk","tl1.00_gl0.50_c50","sim002","model12",TRUE,0.999664825907378,710.326947289332,373.040731950952,0.00441993965061113,TRUE,TRUE,TRUE
"mk","tl1.00_gl0.50_c50","sim003","model12",TRUE,0.999503845749316,558.03656627126,271.438637246413,0.00598395161879568,TRUE,TRUE,TRUE
"mk","tl1.00_gl0.50_c50","sim004","model12",TRUE,0.999487074615112,634.876566886005,577.469359707086,0.0057872707579902,TRUE,TRUE,TRUE
"mk","tl1.00_gl0.50_c50","sim005","model12",TRUE,0.999755112137029,728.096254829361,630.98873223551,0.00374786008209993,TRUE,TRUE,TRUE
"mk","tl1.00_gl0.50_c50","sim006","model12",TRUE,0.999463952801463,667.620457367897,527.617377701721,0.00623588044285771,TRUE,TRUE,TRUE
"mk","tl1.00_gl0.50_c50","sim007","model12",TRUE,0.999724783420342,1003.70048729206,476.680249781963,0.00388104119529546,TRUE,TRUE,TRUE
"mk","tl1.00_gl0.50_c50","sim008","model12",TRUE,0.999620284582111,690.384337455154,653.156753323921,0.00509967461170392,TRUE,TRUE,TRUE
"mk","tl1.00_gl0.50_c50","sim009","model12",TRUE,0.999405999451079,805.083705625872,543.532941891927,0.00649597774307424,TRUE,TRUE,TRUE
"mk","tl1.00_gl0.50_c50","sim010","model12",TRUE,0.999693769286331,561.136379928886,416.292773645679,0.00417462536675659,TRUE,TRUE,TRUE
"mk","tl1.50_gl0.50_c50","sim001","model12",TRUE,0.999768277319073,959.526789255514,492.22714658779,0.00368799794883992,TRUE,TRUE,TRUE
"mk","tl1.50_gl0.50_c50","sim002","model12",TRUE,0.999624837985854,732.311268603662,472.114428262157,0.00466324482893467,TRUE,TRUE,TRUE
"mk","tl1.50_gl0.50_c50","sim003","model12",TRUE,0.999586007333359,814.721568528539,317.819056249601,0.00496833036343753,TRUE,TRUE,TRUE
"mk","tl1.50_gl0.50_c50","sim004","model12",TRUE,0.999760966992056,750.996667395135,488.145523825636,0.00388782664117272,TRUE,TRUE,TRUE
"mk","tl1.50_gl0.50_c50","sim005","model12",TRUE,0.999755234906444,704.764768368173,555.551686705422,0.00359689542353022,TRUE,TRUE,TRUE
"mk","tl1.50_gl0.50_c50","sim006","model12",TRUE,0.999555460831341,922.700395808832,478.677796316515,0.00525953074115391,TRUE,TRUE,TRUE
"mk","tl1.50_gl0.50_c50","sim007","model12",TRUE,0.999711442789832,844.031697751573,573.28461722978,0.00362553512626159,TRUE,TRUE,TRUE
"mk","tl1.50_gl0.50_c50","sim008","model12",TRUE,0.999754027996803,429.296521329709,600.941106053631,0.00367946385645501,TRUE,TRUE,TRUE
"mk","tl1.50_gl0.50_c50","sim009","model12",TRUE,0.999597343373206,463.578512975607,346.912792489831,0.0049606958216798,TRUE,TRUE,TRUE
"mk","tl1.50_gl0.50_c50","sim010","model12",TRUE,0.999568128657055,459.733223665856,560.633849623219,0.00511612534145472,TRUE,TRUE,TRUE
"mk","tl2.50_gl0.50_c50","sim001","model12",TRUE,0.999347898177931,902.650066493637,305.460704528019,0.00685854524339071,TRUE,TRUE,TRUE
"mk","tl2.50_gl0.50_c50","sim002","model12",TRUE,0.999411599578571,781.300959141608,299.316008520741,0.005894672869696,TRUE,TRUE,TRUE
"mk","tl2.50_gl0.50_c50","sim003","model12",TRUE,0.999347896944684,877.02557466986,540.756475648787,0.00650054171180932,TRUE,TRUE,TRUE
"mk","tl2.50_gl0.50_c50","sim004","model12",TRUE,0.999239832849259,700.080914790114,314.120583391897,0.00635267245800574,TRUE,TRUE,TRUE
"mk","tl2.50_gl0.50_c50","sim005","model12",TRUE,0.999759012538971,440.73269134305,404.665273509147,0.00340224617681265,TRUE,TRUE,TRUE
"mk","tl2.50_gl0.50_c50","sim006","model12",TRUE,0.999433599084517,814.717274774744,296.628972793492,0.00621713961199553,TRUE,TRUE,TRUE
"mk","tl2.50_gl0.50_c50","sim007","model12",TRUE,0.999491225040263,707.238725349883,220.274826858526,0.00520448386302045,TRUE,TRUE,TRUE
"mk","tl2.50_gl0.50_c50","sim008","model12",TRUE,0.999764679388631,607.720492393921,600.125459293039,0.00379295850763596,TRUE,TRUE,TRUE
"mk","tl2.50_gl0.50_c50","sim009","model12",TRUE,0.999473546954026,753.164230834843,320.42635955371,0.00619257124604512,TRUE,TRUE,TRUE
"mk","tl2.50_gl0.50_c50","sim010","model12",TRUE,0.999487048332577,861.069016264649,269.050894860474,0.00522394243650476,TRUE,TRUE,TRUE
"mk","tl5.00_gl0.50_c50","sim001","model12",TRUE,0.999675735299588,1431.60550813631,319.933530232125,0.00527287239349496,TRUE,TRUE,TRUE
"mk","tl5.00_gl0.50_c50","sim002","model12",TRUE,0.999189304340024,714.470377736653,341.823343504273,0.00725730354338237,TRUE,TRUE,TRUE
"mk","tl5.00_gl0.50_c50","sim003","model12",TRUE,0.999763788910209,2272.55602515593,580.208835034935,0.004789660578486,TRUE,TRUE,TRUE
"mk","tl5.00_gl0.50_c50","sim004","model12",TRUE,0.999209798522798,735.284166796873,313.713110721114,0.00737695765054019,TRUE,TRUE,TRUE
"mk","tl5.00_gl0.50_c50","sim005","model12",TRUE,0.999077066478534,799.653480927704,185.763184405799,0.00878980639672348,TRUE,TRUE,TRUE
"mk","tl5.00_gl0.50_c50","sim006","model12",TRUE,0.999754028217073,1811.06140556847,89.2959041044475,0.00471410242640563,TRUE,TRUE,TRUE
"mk","tl5.00_gl0.50_c50","sim007","model12",TRUE,0.99940599965818,770.428213009984,246.619243400297,0.00650248352733035,TRUE,TRUE,TRUE
"mk","tl5.00_gl0.50_c50","sim008","model12",TRUE,0.999250093703879,681.938970502127,291.141856003514,0.00614442315020597,TRUE,TRUE,TRUE
"mk","tl5.00_gl0.50_c50","sim009","model12",TRUE,0.999354631253738,726.684879088396,195.465248775638,0.00754821449570773,TRUE,TRUE,TRUE
"mk","tl5.00_gl0.50_c50","sim010","model12",TRUE,0.999230473663516,683.92415076569,256.490816153239,0.00674384624030572,TRUE,TRUE,TRUE
"mk","tl1.00_gl1.00_c50","sim001","model12",TRUE,0.99926767127302,706.502408258537,362.832375137735,0.00597371565113501,TRUE,TRUE,TRUE
"mk","tl1.00_gl1.00_c50","sim002","model12",TRUE,0.999664825907378,710.326947289332,373.040731950952,0.00441993965061113,TRUE,TRUE,TRUE
"mk","tl1.00_gl1.00_c50","sim003","model12",TRUE,0.999503845749316,558.03656627126,271.438637246413,0.00598395161879568,TRUE,TRUE,TRUE
"mk","tl1.00_gl1.00_c50","sim004","model12",TRUE,0.999487074615112,634.876566886005,577.469359707086,0.0057872707579902,TRUE,TRUE,TRUE
"mk","tl1.00_gl1.00_c50","sim005","model12",TRUE,0.999755112137029,728.096254829361,630.98873223551,0.00374786008209993,TRUE,TRUE,TRUE
"mk","tl1.00_gl1.00_c50","sim006","model12",TRUE,0.999463952801463,667.620457367897,527.617377701721,0.00623588044285771,TRUE,TRUE,TRUE
"mk","tl1.00_gl1.00_c50","sim007","model12",TRUE,0.999724783420342,1003.70048729206,476.680249781963,0.00388104119529546,TRUE,TRUE,TRUE
"mk","tl1.00_gl1.00_c50","sim008","model12",TRUE,0.999620284582111,690.384337455154,653.156753323921,0.00509967461170392,TRUE,TRUE,TRUE
"mk","tl1.00_gl1.00_c50","sim009","model12",TRUE,0.999405999451079,805.083705625872,543.532941891927,0.00649597774307424,TRUE,TRUE,TRUE
"mk","tl1.00_gl1.00_c50","sim010","model12",TRUE,0.999693769286331,561.136379928886,416.292773645679,0.00417462536675659,TRUE,TRUE,TRUE
"mk","tl1.50_gl1.00_c50","sim001","model12",TRUE,0.999768277319073,959.526789255514,492.22714658779,0.00368799794883992,TRUE,TRUE,TRUE
"mk","tl1.50_gl1.00_c50","sim002","model12",TRUE,0.999624837985854,732.311268603662,472.114428262157,0.00466324482893467,TRUE,TRUE,TRUE
"mk","tl1.50_gl1.00_c50","sim003","model12",TRUE,0.999586007333359,814.721568528539,317.819056249601,0.00496833036343753,TRUE,TRUE,TRUE
"mk","tl1.50_gl1.00_c50","sim004","model12",TRUE,0.999754150109982,739.55689537652,601.46609877069,0.00400731425417033,TRUE,TRUE,TRUE
"mk","tl1.50_gl1.00_c50","sim005","model12",TRUE,0.999757019097378,712.177993254897,553.123155820848,0.00355249954096669,TRUE,TRUE,TRUE
"mk","tl1.50_gl1.00_c50","sim006","model12",TRUE,0.999555460831341,922.700395808832,478.677796316515,0.00525953074115391,TRUE,TRUE,TRUE
"mk","tl1.50_gl1.00_c50","sim007","model12",TRUE,0.999711442789832,844.031697751573,573.28461722978,0.00362553512626159,TRUE,TRUE,TRUE
"mk","tl1.50_gl1.00_c50","sim008","model12",TRUE,0.999757016355131,435.028987431257,552.6400050256,0.00365944999262143,TRUE,TRUE,TRUE
"mk","tl1.50_gl1.00_c50","sim009","model12",TRUE,0.999597343373206,463.578512975607,346.912792489831,0.0049606958216798,TRUE,TRUE,TRUE
"mk","tl1.50_gl1.00_c50","sim010","model12",TRUE,0.999568128657055,459.733223665856,560.633849623219,0.00511612534145472,TRUE,TRUE,TRUE
"mk","tl2.50_gl1.00_c50","sim001","model12",TRUE,0.999347898177931,902.650066493637,305.460704528019,0.00685854524339071,TRUE,TRUE,TRUE
"mk","tl2.50_gl1.00_c50","sim002","model12",TRUE,0.999411599578571,781.300959141608,299.316008520741,0.005894672869696,TRUE,TRUE,TRUE
"mk","tl2.50_gl1.00_c50","sim003","model12",TRUE,0.999347896944684,877.02557466986,540.756475648787,0.00650054171180932,TRUE,TRUE,TRUE
"mk","tl2.50_gl1.00_c50","sim004","model12",TRUE,0.999239832849259,700.080914790114,314.120583391897,0.00635267245800574,TRUE,TRUE,TRUE
"mk","tl2.50_gl1.00_c50","sim005","model12",TRUE,0.999753061654787,426.783738695797,402.305645327775,0.00340859570869443,TRUE,TRUE,TRUE
"mk","tl2.50_gl1.00_c50","sim006","model12",TRUE,0.999433599084517,814.717274774744,296.628972793492,0.00621713961199553,TRUE,TRUE,TRUE
"mk","tl2.50_gl1.00_c50","sim007","model12",TRUE,0.999491225040263,707.238725349883,220.274826858526,0.00520448386302045,TRUE,TRUE,TRUE
"mk","tl2.50_gl1.00_c50","sim008","model12",TRUE,0.999757134975067,583.03034510674,575.347824717547,0.003840073001926,TRUE,TRUE,TRUE
"mk","tl2.50_gl1.00_c50","sim009","model12",TRUE,0.999473546954026,753.164230834843,320.42635955371,0.00619257124604512,TRUE,TRUE,TRUE
"mk","tl2.50_gl1.00_c50","sim010","model12",TRUE,0.999487048332577,861.069016264649,269.050894860474,0.00522394243650476,TRUE,TRUE,TRUE
"mk","tl5.00_gl1.00_c50","sim001","model12",TRUE,0.999675735299588,1431.60550813631,319.933530232125,0.00527287239349496,TRUE,TRUE,TRUE
"mk","tl5.00_gl1.00_c50","sim002","model12",TRUE,0.999189304340024,714.470377736653,341.823343504273,0.00725730354338237,TRUE,TRUE,TRUE
"mk","tl5.00_gl1.00_c50","sim003","model12",TRUE,0.999763788910208,2271.52087534443,561.347891800132,0.00478238516403646,TRUE,TRUE,TRUE
"mk","tl5.00_gl1.00_c50","sim004","model12",TRUE,0.999209798522798,735.284166796873,313.713110721114,0.00737695765054019,TRUE,TRUE,TRUE
"mk","tl5.00_gl1.00_c50","sim005","model12",TRUE,0.999077066478534,799.653480927704,185.763184405799,0.00878980639672348,TRUE,TRUE,TRUE
"mk","tl5.00_gl1.00_c50","sim006","model12",TRUE,0.999750094150165,1787.27800107264,72.9753428391747,0.00479353887831698,TRUE,TRUE,TRUE
"mk","tl5.00_gl1.00_c50","sim007","model12",TRUE,0.99940599965818,770.428213009984,246.619243400297,0.00650248352733035,TRUE,TRUE,TRUE
"mk","tl5.00_gl1.00_c50","sim008","model12",TRUE,0.999250093703879,681.938970502127,291.141856003514,0.00614442315020597,TRUE,TRUE,TRUE
"mk","tl5.00_gl1.00_c50","sim009","model12",TRUE,0.999354631253738,726.684879088396,195.465248775638,0.00754821449570773,TRUE,TRUE,TRUE
"mk","tl5.00_gl1.00_c50","sim010","model12",TRUE,0.999230473663516,683.92415076569,256.490816153239,0.00674384624030572,TRUE,TRUE,TRUE
"mk","tl1.00_gl0.10_c100","sim001","model12",TRUE,0.999695450011879,321.751391100548,429.491902452996,0.00433930786431377,TRUE,TRUE,TRUE
"mk","tl1.00_gl0.10_c100","sim002","model12",TRUE,0.999487048396555,840.586939850965,620.069881305542,0.00518759652578035,TRUE,TRUE,TRUE
"mk","tl1.00_gl0.10_c100","sim003","model12",TRUE,0.999690740191157,523.642486575494,602.86060363393,0.00580469341886952,TRUE,TRUE,TRUE
"mk","tl1.00_gl0.10_c100","sim004","model12",TRUE,0.999695447065411,722.250771911793,481.361736928123,0.00451387423307951,TRUE,TRUE,TRUE
"mk","tl1.00_gl0.10_c100","sim005","model12",TRUE,0.999617667696903,832.570083299193,360.748113117057,0.00638584142650042,TRUE,TRUE,TRUE
"mk","tl1.00_gl0.10_c100","sim006","model12",TRUE,0.999711442518817,532.731203156263,551.697786404791,0.00495606631173441,TRUE,TRUE,TRUE
"mk","tl1.00_gl0.10_c100","sim007","model12",TRUE,0.999682490259473,663.305172683063,669.189546927969,0.00586451285929191,TRUE,TRUE,TRUE
"mk","tl1.00_gl0.10_c100","sim008","model12",TRUE,0.999718274766947,576.286594455065,672.814073766371,0.00418406959698865,TRUE,TRUE,TRUE
"mk","tl1.00_gl0.10_c100","sim009","model12",TRUE,0.999571460034551,1247.22667257358,664.668793111707,0.00899837095209846,TRUE,TRUE,TRUE
"mk","tl1.00_gl0.10_c100","sim010","model12",TRUE,0.999684094947891,842.199571052321,389.240403618768,0.00407522774274043,TRUE,TRUE,TRUE
"mk","tl1.50_gl0.10_c100","sim001","model12",TRUE,0.999675711610996,869.887812586784,508.323616989063,0.00562161573834726,TRUE,TRUE,TRUE
"mk","tl1.50_gl0.10_c100","sim002","model12",TRUE,0.999636299786017,748.476245372701,339.91559020741,0.00408667123783403,TRUE,TRUE,TRUE
"mk","tl1.50_gl0.10_c100","sim003","model12",TRUE,0.999612949742721,773.707658678107,680.355517571705,0.00559208010081043,TRUE,TRUE,TRUE
"mk","tl1.50_gl0.10_c100","sim004","model12",TRUE,0.999696924169768,336.126657432853,521.810355808183,0.00463177396943029,TRUE,TRUE,TRUE
"mk","tl1.50_gl0.10_c100","sim005","model12",TRUE,0.999647097314629,722.839474174308,552.95558814009,0.0048184903527703,TRUE,TRUE,TRUE
"mk","tl1.50_gl0.10_c100","sim006","model12",TRUE,0.999354631567004,712.664053513478,514.788952667035,0.00737381175525505,TRUE,TRUE,TRUE
"mk","tl1.50_gl0.10_c100","sim007","model12",TRUE,0.999710118679341,313.575029398813,550.400648083556,0.00515202111902872,TRUE,TRUE,TRUE
"mk","tl1.50_gl0.10_c100","sim008","model12",TRUE,0.999209826016231,731.602072607601,226.203779894677,0.00813128494801216,TRUE,TRUE,TRUE
"mk","tl1.50_gl0.10_c100","sim009","model12",TRUE,0.999583247323294,835.0246408498,422.056930257966,0.00558018919976325,TRUE,TRUE,TRUE
"mk","tl1.50_gl0.10_c100","sim010","model12",TRUE,0.999449193413548,724.904108101085,553.266711531888,0.00606009839562636,TRUE,TRUE,TRUE
"mk","tl2.50_gl0.10_c100","sim001","model12",TRUE,0.999477943068263,835.146325125553,546.626942879196,0.00782737394463319,TRUE,TRUE,TRUE
"mk","tl2.50_gl0.10_c100","sim002","model12",TRUE,0.999317639718106,704.575108960242,412.085777411192,0.00770256083607582,TRUE,TRUE,TRUE
"mk","tl2.50_gl0.10_c100","sim003","model12",TRUE,0.99967569525751,893.454809743727,649.951469784394,0.0048080027600814,TRUE,TRUE,TRUE
"mk","tl2.50_gl0.10_c100","sim004","model12",TRUE,0.999267668992727,735.989771503266,644.515115972806,0.00829982943469786,TRUE,TRUE,TRUE
"mk","tl2.50_gl0.10_c100","sim005","model12",TRUE,0.999199680881115,789.10883181048,382.807402348343,0.00981139853653509,TRUE,TRUE,TRUE
"mk","tl2.50_gl0.10_c100","sim006","model12",TRUE,0.999406000050213,740.785006164427,107.062655761995,0.00626027772702357,TRUE,TRUE,TRUE
"mk","tl2.50_gl0.10_c100","sim007","model12",TRUE,0.999405999978128,783.034896878604,630.876903553701,0.00834779828247762,TRUE,TRUE,TRUE
"mk","tl2.50_gl0.10_c100","sim008","model12",TRUE,0.999689018132947,270.232123766968,432.794388361972,0.00452775871752222,TRUE,TRUE,TRUE
"mk","tl2.50_gl0.10_c100","sim009","model12",TRUE,0.999333119447972,682.832754953347,392.841987242599,0.00947621145037974,TRUE,TRUE,TRUE
"mk","tl2.50_gl0.10_c100","sim010","model12",TRUE,0.999130057663185,772.576537602701,431.258468592582,0.00747915981134145,TRUE,TRUE,TRUE
"mk","tl5.00_gl0.10_c100","sim001","model12",TRUE,0.999417082559399,697.133212361143,552.116915377318,0.00774146857632638,TRUE,TRUE,TRUE
"mk","tl5.00_gl0.10_c100","sim002","model12",TRUE,0.999220880522983,702.853836879608,280.427678447297,0.00658631972926332,TRUE,TRUE,TRUE
"mk","tl5.00_gl0.10_c100","sim003","model12",TRUE,0.999679230441192,1256.10076940579,646.718945492115,0.00681264594783819,TRUE,TRUE,TRUE
"mk","tl5.00_gl0.10_c100","sim004","model12",TRUE,0.999090496800981,606.532583951761,73.9145377540523,0.00843001083858536,TRUE,TRUE,TRUE
"mk","tl5.00_gl0.10_c100","sim005","model12",TRUE,0.999117778553,784.233997679332,204.183844266547,0.0107272880474418,TRUE,TRUE,TRUE
"mk","tl5.00_gl0.10_c100","sim006","model12",TRUE,0.999155055522134,744.657632184747,237.989421554935,0.00883436912848677,TRUE,TRUE,TRUE
"mk","tl5.00_gl0.10_c100","sim007","model12",TRUE,0.999439305185881,788.078628776825,229.862593009683,0.00710225478431125,TRUE,TRUE,TRUE
"mk","tl5.00_gl0.10_c100","sim008","model12",TRUE,0.999230474675231,744.146473708861,360.048426787848,0.00813203099850711,TRUE,TRUE,TRUE
"mk","tl5.00_gl0.10_c100","sim009","model12",TRUE,0.99923048674017,697.537234956052,237.421648871758,0.00841754320707019,TRUE,TRUE,TRUE
"mk","tl5.00_gl0.10_c100","sim010","model12",TRUE,0.999361226382358,695.796424938103,94.7128197843776,0.00899193370652797,TRUE,TRUE,TRUE
"mk","tl1.00_gl0.25_c100","sim001","model12",TRUE,0.999704453090074,332.873542515845,393.957230426923,0.00420739359989522,TRUE,TRUE,TRUE
"mk","tl1.00_gl0.25_c100","sim002","model12",TRUE,0.999487048396555,840.586939850965,620.069881305542,0.00518759652578035,TRUE,TRUE,TRUE
"mk","tl1.00_gl0.25_c100","sim003","model12",TRUE,0.999700017445082,550.733367983807,431.880881819177,0.00559543926648625,TRUE,TRUE,TRUE
"mk","tl1.00_gl0.25_c100","sim004","model12",TRUE,0.999677575520203,643.797092056248,600.035560898311,0.00459302967147137,TRUE,TRUE,TRUE
"mk","tl1.00_gl0.25_c100","sim005","model12",TRUE,0.999617667696903,832.570083299193,360.748113117057,0.00638584142650042,TRUE,TRUE,TRUE
"mk","tl1.00_gl0.25_c100","sim006","model12",TRUE,0.999684095772305,386.790073229796,609.293788948849,0.00501970928800197,TRUE,TRUE,TRUE
"mk","tl1.00_gl0.25_c100","sim007","model12",TRUE,0.999704448972583,742.378740305837,490.324898663162,0.00567515568270603,TRUE,TRUE,TRUE
"mk","tl1.00_gl0.25_c100","sim008","model12",TRUE,0.999718274766947,576.286594455065,672.814073766371,0.00418406959698865,TRUE,TRUE,TRUE
"mk","tl1.00_gl0.25_c100","sim009","model12",TRUE,0.999571460034551,1247.22667257358,664.668793111707,0.00899837095209846,TRUE,TRUE,TRUE
"mk","tl1.00_gl0.25_c100","sim010","model12",TRUE,0.999684094947891,842.199571052321,389.240403618768,0.00407522774274043,TRUE,TRUE,TRUE
"mk","tl1.50_gl0.25_c100","sim001","model12",TRUE,0.999675711610996,869.887812586784,508.323616989063,0.00562161573834726,TRUE,TRUE,TRUE
"mk","tl1.50_gl0.25_c100","sim002","model12",TRUE,0.999636299786017,748.476245372701,339.91559020741,0.00408667123783403,TRUE,TRUE,TRUE
"mk","tl1.50_gl0.25_c100","sim003","model12",TRUE,0.999612949742721,773.707658678107,680.355517571705,0.00559208010081043,TRUE,TRUE,TRUE
"mk","tl1.50_gl0.25_c100","sim004","model12",TRUE,0.999707217428775,344.306647836183,632.980502645221,0.00440829946388753,TRUE,TRUE,TRUE
"mk","tl1.50_gl0.25_c100","sim005","model12",TRUE,0.999647097314629,722.839474174308,552.95558814009,0.0048184903527703,TRUE,TRUE,TRUE
"mk","tl1.50_gl0.25_c100","sim006","model12",TRUE,0.999354631567004,712.664053513478,514.788952667035,0.00737381175525505,TRUE,TRUE,TRUE
"mk","tl1.50_gl0.25_c100","sim007","model12",TRUE,0.999692279039654,310.036080784516,645.020582210381,0.00538493573912117,TRUE,TRUE,TRUE
"mk","tl1.50_gl0.25_c100","sim008","model12",TRUE,0.999209826016231,731.602072607601,226.203779894677,0.00813128494801216,TRUE,TRUE,TRUE
"mk","tl1.50_gl0.25_c100","sim009","model12",TRUE,0.999583247323294,835.0246408498,422.056930257966,0.00558018919976325,TRUE,TRUE,TRUE
"mk","tl1.50_gl0.25_c100","sim010","model12",TRUE,0.999449193413548,724.904108101085,553.266711531888,0.00606009839562636,TRUE,TRUE,TRUE
"mk","tl2.50_gl0.25_c100","sim001","model12",TRUE,0.999477943068263,835.146325125553,546.626942879196,0.00782737394463319,TRUE,TRUE,TRUE
"mk","tl2.50_gl0.25_c100","sim002","model12",TRUE,0.999317639718106,704.575108960242,412.085777411192,0.00770256083607582,TRUE,TRUE,TRUE
"mk","tl2.50_gl0.25_c100","sim003","model12",TRUE,0.999682491246615,911.508623875106,706.301236106149,0.00476204229877754,TRUE,TRUE,TRUE
"mk","tl2.50_gl0.25_c100","sim004","model12",TRUE,0.999267668992727,735.989771503266,644.515115972806,0.00829982943469786,TRUE,TRUE,TRUE
"mk","tl2.50_gl0.25_c100","sim005","model12",TRUE,0.999199680881115,789.10883181048,382.807402348343,0.00981139853653509,TRUE,TRUE,TRUE
"mk","tl2.50_gl0.25_c100","sim006","model12",TRUE,0.999406000050213,740.785006164427,107.062655761995,0.00626027772702357,TRUE,TRUE,TRUE
"mk","tl2.50_gl0.25_c100","sim007","model12",TRUE,0.999405999978128,783.034896878604,630.876903553701,0.00834779828247762,TRUE,TRUE,TRUE
"mk","tl2.50_gl0.25_c100","sim008","model12",FALSE,0.999690940313485,250.61510907427,557.371831469379,0.00450936717381819,TRUE,FALSE,TRUE
"mk","tl2.50_gl0.25_c100","sim009","model12",TRUE,0.999333119447972,682.832754953347,392.841987242599,0.00947621145037974,TRUE,TRUE,TRUE
"mk","tl2.50_gl0.25_c100","sim010","model12",TRUE,0.999130057663185,772.576537602701,431.258468592582,0.00747915981134145,TRUE,TRUE,TRUE
"mk","tl5.00_gl0.25_c100","sim001","model12",TRUE,0.999417082559399,697.133212361143,552.116915377318,0.00774146857632638,TRUE,TRUE,TRUE
"mk","tl5.00_gl0.25_c100","sim002","model12",TRUE,0.999220880522983,702.853836879608,280.427678447297,0.00658631972926332,TRUE,TRUE,TRUE
"mk","tl5.00_gl0.25_c100","sim003","model12",TRUE,0.999679024522833,1254.17486493972,646.718945492115,0.00681264594783819,TRUE,TRUE,TRUE
"mk","tl5.00_gl0.25_c100","sim004","model12",TRUE,0.999090496800981,606.532583951761,73.9145377540523,0.00843001083858536,TRUE,TRUE,TRUE
"mk","tl5.00_gl0.25_c100","sim005","model12",TRUE,0.999117778553,784.233997679332,204.183844266547,0.0107272880474418,TRUE,TRUE,TRUE
"mk","tl5.00_gl0.25_c100","sim006","model12",TRUE,0.999155055522134,744.657632184747,237.989421554935,0.00883436912848677,TRUE,TRUE,TRUE
"mk","tl5.00_gl0.25_c100","sim007","model12",TRUE,0.999439305185881,788.078628776825,229.862593009683,0.00710225478431125,TRUE,TRUE,TRUE
"mk","tl5.00_gl0.25_c100","sim008","model12",TRUE,0.999230474675231,744.146473708861,360.048426787848,0.00813203099850711,TRUE,TRUE,TRUE
"mk","tl5.00_gl0.25_c100","sim009","model12",TRUE,0.99923048674017,697.537234956052,237.421648871758,0.00841754320707019,TRUE,TRUE,TRUE
"mk","tl5.00_gl0.25_c100","sim010","model12",TRUE,0.999361226382358,695.796424938103,94.7128197843776,0.00899193370652797,TRUE,TRUE,TRUE
"mk","tl1.00_gl0.50_c100","sim001","model12",TRUE,0.999704453095992,332.734822272673,437.166891483633,0.00420293513338925,TRUE,TRUE,TRUE
"mk","tl1.00_gl0.50_c100","sim002","model12",TRUE,0.999487048396555,840.586939850965,620.069881305542,0.00518759652578035,TRUE,TRUE,TRUE
"mk","tl1.00_gl0.50_c100","sim003","model12",TRUE,0.999711610037317,578.919120738693,513.146222773982,0.00526911989346862,TRUE,TRUE,TRUE
"mk","tl1.00_gl0.50_c100","sim004","model12",TRUE,0.999689006515176,692.406329375203,503.459518343043,0.0045830910804146,TRUE,TRUE,TRUE
"mk","tl1.00_gl0.50_c100","sim005","model12",TRUE,0.999617667696903,832.570083299193,360.748113117057,0.00638584142650042,TRUE,TRUE,TRUE
"mk","tl1.00_gl0.50_c100","sim006","model12",TRUE,0.999689201285463,439.419590050929,657.179924642238,0.00500358771095809,TRUE,TRUE,TRUE
"mk","tl1.00_gl0.50_c100","sim007","model12",TRUE,0.99971010349038,761.118510720745,507.21204709736,0.00564387307134163,TRUE,TRUE,TRUE
"mk","tl1.00_gl0.50_c100","sim008","model12",TRUE,0.999718274766947,576.286594455065,672.814073766371,0.00418406959698865,TRUE,TRUE,TRUE
"mk","tl1.00_gl0.50_c100","sim009","model12",TRUE,0.999571460034551,1247.22667257358,664.668793111707,0.00899837095209846,TRUE,TRUE,TRUE
"mk","tl1.00_gl0.50_c100","sim010","model12",TRUE,0.999684094947891,842.199571052321,389.240403618768,0.00407522774274043,TRUE,TRUE,TRUE
"mk","tl1.50_gl0.50_c100","sim001","model12",TRUE,0.999675711610996,869.887812586784,508.323616989063,0.00562161573834726,TRUE,TRUE,TRUE
"mk","tl1.50_gl0.50_c100","sim002","model12",TRUE,0.999636299786017,748.476245372701,339.91559020741,0.00408667123783403,TRUE,TRUE,TRUE
"mk","tl1.50_gl0.50_c100","sim003","model12",TRUE,0.999612949742721,773.707658678107,680.355517571705,0.00559208010081043,TRUE,TRUE,TRUE
"mk","tl1.50_gl0.50_c100","sim004","model12",TRUE,0.999718270539689,356.280055462692,485.728372827087,0.00431196100487439,TRUE,TRUE,TRUE
"mk","tl1.50_gl0.50_c100","sim005","model12",TRUE,0.999647097314629,722.839474174308,552.95558814009,0.0048184903527703,TRUE,TRUE,TRUE
"mk","tl1.50_gl0.50_c100","sim006","model12",TRUE,0.999354631567004,712.664053513478,514.788952667035,0.00737381175525505,TRUE,TRUE,TRUE
"mk","tl1.50_gl0.50_c100","sim007","model12",TRUE,0.999701465481423,316.699765767639,654.426574107375,0.00526343813228597,TRUE,TRUE,TRUE
"mk","tl1.50_gl0.50_c100","sim008","model12",TRUE,0.999209826016231,731.602072607601,226.203779894677,0.00813128494801216,TRUE,TRUE,TRUE
"mk","tl1.50_gl0.50_c100","sim009","model12",TRUE,0.999583247323294,835.0246408498,422.056930257966,0.00558018919976325,TRUE,TRUE,TRUE
"mk","tl1.50_gl0.50_c100","sim010","model12",TRUE,0.999449193413548,724.904108101085,553.266711531888,0.00606009839562636,TRUE,TRUE,TRUE
"mk","tl2.50_gl0.50_c100","sim001","model12",TRUE,0.999477943068263,835.146325125553,546.626942879196,0.00782737394463319,TRUE,TRUE,TRUE
"mk","tl2.50_gl0.50_c100","sim002","model12",TRUE,0.999317639718106,704.575108960242,412.085777411192,0.00770256083607582,TRUE,TRUE,TRUE
"mk","tl2.50_gl0.50_c100","sim003","model12",TRUE,0.999690739644251,928.387532441505,545.501276821508,0.0047239896863957,TRUE,TRUE,TRUE
"mk","tl2.50_gl0.50_c100","sim004","model12",TRUE,0.999267668992727,735.989771503266,644.515115972806,0.00829982943469786,TRUE,TRUE,TRUE
"mk","tl2.50_gl0.50_c100","sim005","model12",TRUE,0.999199680881115,789.10883181048,382.807402348343,0.00981139853653509,TRUE,TRUE,TRUE
"mk","tl2.50_gl0.50_c100","sim006","model12",TRUE,0.999406000050213,740.785006164427,107.062655761995,0.00626027772702357,TRUE,TRUE,TRUE
"mk","tl2.50_gl0.50_c100","sim007","model12",TRUE,0.999405999978128,783.034896878604,630.876903553701,0.00834779828247762,TRUE,TRUE,TRUE
"mk","tl2.50_gl0.50_c100","sim008","model12",TRUE,0.999696934847244,291.826992586161,408.438723367679,0.00444563886092309,TRUE,TRUE,TRUE
"mk","tl2.50_gl0.50_c100","sim009","model12",TRUE,0.999333119447972,682.832754953347,392.841987242599,0.00947621145037974,TRUE,TRUE,TRUE
"mk","tl2.50_gl0.50_c100","sim010","model12",TRUE,0.999130057663185,772.576537602701,431.258468592582,0.00747915981134145,TRUE,TRUE,TRUE
"mk","tl5.00_gl0.50_c100","sim001","model12",TRUE,0.999417082559399,697.133212361143,552.116915377318,0.00774146857632638,TRUE,TRUE,TRUE
"mk","tl5.00_gl0.50_c100","sim002","model12",TRUE,0.999220880522983,702.853836879608,280.427678447297,0.00658631972926332,TRUE,TRUE,TRUE
"mk","tl5.00_gl0.50_c100","sim003","model12",TRUE,0.999687451546514,1301.82886680963,566.480330216652,0.00668699709740236,TRUE,TRUE,TRUE
"mk","tl5.00_gl0.50_c100","sim004","model12",TRUE,0.999090496800981,606.532583951761,73.9145377540523,0.00843001083858536,TRUE,TRUE,TRUE
"mk","tl5.00_gl0.50_c100","sim005","model12",TRUE,0.999117778553,784.233997679332,204.183844266547,0.0107272880474418,TRUE,TRUE,TRUE
"mk","tl5.00_gl0.50_c100","sim006","model12",TRUE,0.999155055522134,744.657632184747,237.989421554935,0.00883436912848677,TRUE,TRUE,TRUE
"mk","tl5.00_gl0.50_c100","sim007","model12",TRUE,0.999439305185881,788.078628776825,229.862593009683,0.00710225478431125,TRUE,TRUE,TRUE
"mk","tl5.00_gl0.50_c100","sim008","model12",TRUE,0.999230474675231,744.146473708861,360.048426787848,0.00813203099850711,TRUE,TRUE,TRUE
"mk","tl5.00_gl0.50_c100","sim009","model12",TRUE,0.99923048674017,697.537234956052,237.421648871758,0.00841754320707019,TRUE,TRUE,TRUE
"mk","tl5.00_gl0.50_c100","sim010","model12",TRUE,0.999361226382358,695.796424938103,94.7128197843776,0.00899193370652797,TRUE,TRUE,TRUE
"mk","tl1.00_gl1.00_c100","sim001","model12",TRUE,0.999690739031713,313.247674441725,455.700216864292,0.00433895606309399,TRUE,TRUE,TRUE
"mk","tl1.00_gl1.00_c100","sim002","model12",TRUE,0.999487048396555,840.586939850965,620.069881305542,0.00518759652578035,TRUE,TRUE,TRUE
"mk","tl1.00_gl1.00_c100","sim003","model12",TRUE,0.999708754301424,571.291687908187,565.510303827251,0.00542839949985533,TRUE,TRUE,TRUE
"mk","tl1.00_gl1.00_c100","sim004","model12",TRUE,0.999704448182604,759.562317966211,612.074412322619,0.00450364756135919,TRUE,TRUE,TRUE
"mk","tl1.00_gl1.00_c100","sim005","model12",TRUE,0.999617667696903,832.570083299193,360.748113117057,0.00638584142650042,TRUE,TRUE,TRUE
"mk","tl1.00_gl1.00_c100","sim006","model12",TRUE,0.999693957165094,447.825879577831,454.400156519052,0.00501641228986943,TRUE,TRUE,TRUE
"mk","tl1.00_gl1.00_c100","sim007","model12",TRUE,0.999692261257861,695.867486683065,568.740933813479,0.00576799745810453,TRUE,TRUE,TRUE
"mk","tl1.00_gl1.00_c100","sim008","model12",TRUE,0.999708756929995,551.588380517453,577.669614208585,0.00417069266928617,TRUE,TRUE,TRUE
"mk","tl1.00_gl1.00_c100","sim009","model12",TRUE,0.999571460034551,1247.22667257358,664.668793111707,0.00899837095209846,TRUE,TRUE,TRUE
"mk","tl1.00_gl1.00_c100","sim010","model12",TRUE,0.999684094947891,842.199571052321,389.240403618768,0.00407522774274043,TRUE,TRUE,TRUE
"mk","tl1.50_gl1.00_c100","sim001","model12",TRUE,0.999675711610996,869.887812586784,508.323616989063,0.00562161573834726,TRUE,TRUE,TRUE
"mk","tl1.50_gl1.00_c100","sim002","model12",TRUE,0.999636299786017,748.476245372701,339.91559020741,0.00408667123783403,TRUE,TRUE,TRUE
"mk","tl1.50_gl1.00_c100","sim003","model12",TRUE,0.999612949742721,773.707658678107,680.355517571705,0.00559208010081043,TRUE,TRUE,TRUE
"mk","tl1.50_gl1.00_c100","sim004","model12",TRUE,0.999705839430553,348.779111573647,683.51330385155,0.00444492111158778,TRUE,TRUE,TRUE
"mk","tl1.50_gl1.00_c100","sim005","model12",TRUE,0.999647097314629,722.839474174308,552.95558814009,0.0048184903527703,TRUE,TRUE,TRUE
"mk","tl1.50_gl1.00_c100","sim006","model12",TRUE,0.999354631567004,712.664053513478,514.788952667035,0.00737381175525505,TRUE,TRUE,TRUE
"mk","tl1.50_gl1.00_c100","sim007","model12",TRUE,0.999702884653619,317.50680848527,534.723984016087,0.00522908211295441,TRUE,TRUE,TRUE
"mk","tl1.50_gl1.00_c100","sim008","model12",TRUE,0.999209826016231,731.602072607601,226.203779894677,0.00813128494801216,TRUE,TRUE,TRUE
"mk","tl1.50_gl1.00_c100","sim009","model12",TRUE,0.999583247323294,835.0246408498,422.056930257966,0.00558018919976325,TRUE,TRUE,TRUE
"mk","tl1.50_gl1.00_c100","sim010","model12",TRUE,0.999449193413548,724.904108101085,553.266711531888,0.00606009839562636,TRUE,TRUE,TRUE
"mk","tl2.50_gl1.00_c100","sim001","model12",TRUE,0.999477943068263,835.146325125553,546.626942879196,0.00782737394463319,TRUE,TRUE,TRUE
"mk","tl2.50_gl1.00_c100","sim002","model12",TRUE,0.999317639718106,704.575108960242,412.085777411192,0.00770256083607582,TRUE,TRUE,TRUE
"mk","tl2.50_gl1.00_c100","sim003","model12",TRUE,0.999687453061423,912.761813291892,562.273471483308,0.00466813504717446,TRUE,TRUE,TRUE
"mk","tl2.50_gl1.00_c100","sim004","model12",TRUE,0.999267668992727,735.989771503266,644.515115972806,0.00829982943469786,TRUE,TRUE,TRUE
"mk","tl2.50_gl1.00_c100","sim005","model12",TRUE,0.999199680881115,789.10883181048,382.807402348343,0.00981139853653509,TRUE,TRUE,TRUE
"mk","tl2.50_gl1.00_c100","sim006","model12",TRUE,0.999406000050213,740.785006164427,107.062655761995,0.00626027772702357,TRUE,TRUE,TRUE
"mk","tl2.50_gl1.00_c100","sim007","model12",TRUE,0.999405999978128,783.034896878604,630.876903553701,0.00834779828247762,TRUE,TRUE,TRUE
"mk","tl2.50_gl1.00_c100","sim008","model12",TRUE,0.999680880460177,273.788078297439,542.719241954082,0.00466382422487969,TRUE,TRUE,TRUE
"mk","tl2.50_gl1.00_c100","sim009","model12",TRUE,0.999333119447972,682.832754953347,392.841987242599,0.00947621145037974,TRUE,TRUE,TRUE
"mk","tl2.50_gl1.00_c100","sim010","model12",TRUE,0.999130057663185,772.576537602701,431.258468592582,0.00747915981134145,TRUE,TRUE,TRUE
"mk","tl5.00_gl1.00_c100","sim001","model12",TRUE,0.999417082559399,697.133212361143,552.116915377318,0.00774146857632638,TRUE,TRUE,TRUE
"mk","tl5.00_gl1.00_c100","sim002","model12",TRUE,0.999220880522983,702.853836879608,280.427678447297,0.00658631972926332,TRUE,TRUE,TRUE
"mk","tl5.00_gl1.00_c100","sim003","model12",TRUE,0.999666611415133,1186.27175669673,640.663049214751,0.00686470457603428,TRUE,TRUE,TRUE
"mk","tl5.00_gl1.00_c100","sim004","model12",TRUE,0.999090496800981,606.532583951761,73.9145377540523,0.00843001083858536,TRUE,TRUE,TRUE
"mk","tl5.00_gl1.00_c100","sim005","model12",TRUE,0.999117778553,784.233997679332,204.183844266547,0.0107272880474418,TRUE,TRUE,TRUE
"mk","tl5.00_gl1.00_c100","sim006","model12",TRUE,0.999155055522134,744.657632184747,237.989421554935,0.00883436912848677,TRUE,TRUE,TRUE
"mk","tl5.00_gl1.00_c100","sim007","model12",TRUE,0.999439305185881,788.078628776825,229.862593009683,0.00710225478431125,TRUE,TRUE,TRUE
"mk","tl5.00_gl1.00_c100","sim008","model12",TRUE,0.999230474675231,744.146473708861,360.048426787848,0.00813203099850711,TRUE,TRUE,TRUE
"mk","tl5.00_gl1.00_c100","sim009","model12",TRUE,0.99923048674017,697.537234956052,237.421648871758,0.00841754320707019,TRUE,TRUE,TRUE
"mk","tl5.00_gl1.00_c100","sim010","model12",TRUE,0.999361226382358,695.796424938103,94.7128197843776,0.00899193370652797,TRUE,TRUE,TRUE
"mk","tl1.00_gl0.10_c200","sim001","model12",TRUE,0.999780198389639,908.686293404929,442.431427044305,0.0175379922945205,TRUE,TRUE,TRUE
"mk","tl1.00_gl0.10_c200","sim002","model12",FALSE,0.999545351549175,819.076208729131,25.0197216412432,0.129753914988814,TRUE,TRUE,FALSE
"mk","tl1.00_gl0.10_c200","sim003","model12",FALSE,0.999696929083836,1199.68422035708,47.5133890733951,0.14423740510697,TRUE,TRUE,FALSE
"mk","tl1.00_gl0.10_c200","sim004","model12",FALSE,0.999610213390528,807.044631446428,29.1420889922719,0.147435897435897,TRUE,TRUE,FALSE
"mk","tl1.00_gl0.10_c200","sim005","model12",FALSE,0.999583247600261,631.263503258848,25.1853070231321,0.121144555927165,TRUE,TRUE,FALSE
"mk","tl1.00_gl0.10_c200","sim006","model12",FALSE,0.999347897328599,809.031863170942,23.3928701709782,0.138621794871795,TRUE,TRUE,FALSE
"mk","tl1.00_gl0.10_c200","sim007","model12",FALSE,0.99967569385214,768.476295486444,18.7070037935461,0.144354838709677,TRUE,TRUE,FALSE
"mk","tl1.00_gl0.10_c200","sim008","model12",FALSE,0.999325922074916,717.796165532271,22.1234783677192,0.135384615384615,TRUE,TRUE,FALSE
"mk","tl1.00_gl0.10_c200","sim009","model12",TRUE,0.999811445495449,872.886298545902,704.994660719992,0.0045816928329388,TRUE,TRUE,TRUE
"mk","tl1.00_gl0.10_c200","sim010","model12",FALSE,NA,NA,NA,NA,FALSE,FALSE,FALSE
"mk","tl1.50_gl0.10_c200","sim001","model12",FALSE,0.999155049997874,786.659206878915,32.6715855067187,0.151960784313725,TRUE,TRUE,FALSE
"mk","tl1.50_gl0.10_c200","sim002","model12",FALSE,0.999411592507071,826.175582072356,16.4436536594432,0.129925452609159,TRUE,TRUE,FALSE
"mk","tl1.50_gl0.10_c200","sim003","model12",FALSE,0.999704448475771,732.294409582291,11.8953024407897,0.140957446808511,TRUE,TRUE,FALSE
"mk","tl1.50_gl0.10_c200","sim004","model12",FALSE,0.999644836911448,727.756209569866,17.6944313182288,0.121508379888268,TRUE,TRUE,FALSE
"mk","tl1.50_gl0.10_c200","sim005","model12",FALSE,0.999220884959083,754.545108237978,23.6047784903758,0.147111913357401,TRUE,TRUE,FALSE
"mk","tl1.50_gl0.10_c200","sim006","model12",FALSE,0.999189299448558,688.963882493664,44.5977336386712,0.0800595238095238,TRUE,TRUE,FALSE
"mk","tl1.50_gl0.10_c200","sim007","model12",FALSE,0.99962027866027,755.526858368385,40.8738202914365,0.0628846153846154,TRUE,TRUE,FALSE
"mk","tl1.50_gl0.10_c200","sim008","model12",FALSE,0.999317640084499,975.350196687252,50.4376712259216,0.065045045045045,TRUE,TRUE,FALSE
"mk","tl1.50_gl0.10_c200","sim009","model12",FALSE,0.999591754891927,701.30887206449,21.9692256481308,0.151300236406619,TRUE,TRUE,FALSE
"mk","tl1.50_gl0.10_c200","sim010","model12",FALSE,0.999548635042984,1071.74700544822,389.904874990521,0.141242937853107,TRUE,TRUE,FALSE
"mk","tl2.50_gl0.10_c200","sim001","model12",FALSE,0.999142000397178,788.019985710873,17.5192791133016,0.154121863799283,TRUE,TRUE,FALSE
"mk","tl2.50_gl0.10_c200","sim002","model12",FALSE,0.999267668585777,794.053650549649,17.3701188372184,0.152678571428571,TRUE,TRUE,FALSE
"mk","tl2.50_gl0.10_c200","sim003","model12",FALSE,0.999640740323267,1356.56693553117,16.7535644626661,0.151544401544402,TRUE,TRUE,FALSE
"mk","tl2.50_gl0.10_c200","sim004","model12",FALSE,0.999166319218043,868.102222054828,20.283762209988,0.119503188989594,TRUE,TRUE,FALSE
"mk","tl2.50_gl0.10_c200","sim005","model12",FALSE,0.999317640029935,926.56156583434,17.1146020160307,0.135948905109489,TRUE,TRUE,FALSE
"mk","tl2.50_gl0.10_c200","sim006","model12",FALSE,0.999499908976869,1309.1172058145,48.5406961545006,0.127844712182062,TRUE,TRUE,FALSE
"mk","tl2.50_gl0.10_c200","sim007","model12",FALSE,0.999209798417665,790.064660117808,18.1246290208788,0.155032467532468,TRUE,TRUE,FALSE
"mk","tl2.50_gl0.10_c200","sim008","model12",FALSE,0.99896426889965,917.047612394787,11.8700973421821,0.140675241157556,TRUE,TRUE,FALSE
"mk","tl2.50_gl0.10_c200","sim009","model12",FALSE,0.999439305167063,1179.08876417489,17.854609894577,0.143772893772894,TRUE,TRUE,FALSE
"mk","tl2.50_gl0.10_c200","sim010","model12",FALSE,0.999503997202667,1183.97910298018,30.4118667762009,0.139230769230769,TRUE,TRUE,FALSE
"mk","tl5.00_gl0.10_c200","sim001","model12",FALSE,0.999047165101003,717.807612089521,14.5093954821322,0.132936507936508,TRUE,TRUE,FALSE
"mk","tl5.00_gl0.10_c200","sim002","model12",FALSE,0.999333110963318,905.462086008418,14.3716648018285,0.140557518649391,TRUE,TRUE,FALSE
"mk","tl5.00_gl0.10_c200","sim003","model12",FALSE,NA,NA,NA,NA,FALSE,FALSE,FALSE
"mk","tl5.00_gl0.10_c200","sim004","model12",FALSE,0.999381015619961,1182.20623781939,119.419306309744,0.150709219858156,TRUE,TRUE,FALSE
"mk","tl5.00_gl0.10_c200","sim005","model12",FALSE,0.999399580359644,810.202207682632,16.7763969989173,0.126811594202899,TRUE,TRUE,FALSE
"mk","tl5.00_gl0.10_c200","sim006","model12",TRUE,0.999804899811971,2535.46606834503,570.826675215996,0.00472352683568999,TRUE,TRUE,TRUE
"mk","tl5.00_gl0.10_c200","sim007","model12",TRUE,0.999940096622377,6180.04097899756,491.989832341727,0.0095265096124786,TRUE,TRUE,TRUE
"mk","tl5.00_gl0.10_c200","sim008","model12",FALSE,0.999423133055,655.945310822786,27.5053920340629,0.083128078817734,TRUE,TRUE,FALSE
"mk","tl5.00_gl0.10_c200","sim009","model12",FALSE,NA,NA,NA,NA,FALSE,FALSE,FALSE
"mk","tl5.00_gl0.10_c200","sim010","model12",FALSE,0.999239832770024,849.642131970556,63.9724777922718,0.145061728395062,TRUE,TRUE,FALSE
"mk","tl1.00_gl0.25_c200","sim001","model12",TRUE,0.999732015450082,793.614935315491,623.832031366866,0.00533874666609154,TRUE,TRUE,TRUE
"mk","tl1.00_gl0.25_c200","sim002","model12",FALSE,0.999545351549175,819.076208729131,25.0197216412432,0.129753914988814,TRUE,TRUE,FALSE
"mk","tl1.00_gl0.25_c200","sim003","model12",TRUE,0.999687456861148,1149.28815968097,562.334477686597,0.00591154011158404,TRUE,TRUE,TRUE
"mk","tl1.00_gl0.25_c200","sim004","model12",FALSE,0.999610213390528,807.044631446428,29.1420889922719,0.147435897435897,TRUE,TRUE,FALSE
"mk","tl1.00_gl0.25_c200","sim005","model12",FALSE,0.999583247600261,631.263503258848,25.1853070231321,0.121144555927165,TRUE,TRUE,FALSE
"mk","tl1.00_gl0.25_c200","sim006","model12",FALSE,0.999347897328599,809.031863170942,23.3928701709782,0.138621794871795,TRUE,TRUE,FALSE
"mk","tl1.00_gl0.25_c200","sim007","model12",TRUE,0.999673363387992,759.563068959294,472.415307847148,0.00504837534409241,TRUE,TRUE,TRUE
"mk","tl1.00_gl0.25_c200","sim008","model12",FALSE,0.999325922074916,717.796165532271,22.1234783677192,0.135384615384615,TRUE,TRUE,FALSE
"mk","tl1.00_gl0.25_c200","sim009","model12",FALSE,NA,NA,NA,NA,FALSE,FALSE,FALSE
"mk","tl1.00_gl0.25_c200","sim010","model12",TRUE,0.999827094573586,776.267655833765,622.723914264048,0.00285807844116923,TRUE,TRUE,TRUE
"mk","tl1.50_gl0.25_c200","sim001","model12",FALSE,0.999155049997874,786.659206878915,32.6715855067187,0.151960784313725,TRUE,TRUE,FALSE
"mk","tl1.50_gl0.25_c200","sim002","model12",FALSE,0.999411592507071,826.175582072356,16.4436536594432,0.129925452609159,TRUE,TRUE,FALSE
"mk","tl1.50_gl0.25_c200","sim003","model12",FALSE,0.999704448475771,732.294409582291,11.8953024407897,0.140957446808511,TRUE,TRUE,FALSE
"mk","tl1.50_gl0.25_c200","sim004","model12",TRUE,0.999697300074437,760.881330004601,516.384435429355,0.00547785333275903,TRUE,TRUE,TRUE
"mk","tl1.50_gl0.25_c200","sim005","model12",FALSE,0.999220884959083,754.545108237978,23.6047784903758,0.147111913357401,TRUE,TRUE,FALSE
"mk","tl1.50_gl0.25_c200","sim006","model12",FALSE,0.999189299448558,688.963882493664,44.5977336386712,0.0800595238095238,TRUE,TRUE,FALSE
"mk","tl1.50_gl0.25_c200","sim007","model12",FALSE,0.99962027866027,755.526858368385,40.8738202914365,0.0628846153846154,TRUE,TRUE,FALSE
"mk","tl1.50_gl0.25_c200","sim008","model12",FALSE,0.999317640084499,975.350196687252,50.4376712259216,0.065045045045045,TRUE,TRUE,FALSE
"mk","tl1.50_gl0.25_c200","sim009","model12",FALSE,0.999591754891927,701.30887206449,21.9692256481308,0.151300236406619,TRUE,TRUE,FALSE
"mk","tl1.50_gl0.25_c200","sim010","model12",FALSE,0.999548635042984,1071.74700544822,389.904874990521,0.141242937853107,TRUE,TRUE,FALSE
"mk","tl2.50_gl0.25_c200","sim001","model12",FALSE,0.999142000397178,788.019985710873,17.5192791133016,0.154121863799283,TRUE,TRUE,FALSE
"mk","tl2.50_gl0.25_c200","sim002","model12",FALSE,0.999267668585777,794.053650549649,17.3701188372184,0.152678571428571,TRUE,TRUE,FALSE
"mk","tl2.50_gl0.25_c200","sim003","model12",FALSE,NA,NA,NA,NA,FALSE,FALSE,FALSE
"mk","tl2.50_gl0.25_c200","sim004","model12",FALSE,0.999166319218043,868.102222054828,20.283762209988,0.119503188989594,TRUE,TRUE,FALSE
"mk","tl2.50_gl0.25_c200","sim005","model12",FALSE,0.999317640029935,926.56156583434,17.1146020160307,0.135948905109489,TRUE,TRUE,FALSE
"mk","tl2.50_gl0.25_c200","sim006","model12",FALSE,0.999499908976869,1309.1172058145,48.5406961545006,0.127844712182062,TRUE,TRUE,FALSE
"mk","tl2.50_gl0.25_c200","sim007","model12",FALSE,0.999209798417665,790.064660117808,18.1246290208788,0.155032467532468,TRUE,TRUE,FALSE
"mk","tl2.50_gl0.25_c200","sim008","model12",FALSE,0.99896426889965,917.047612394787,11.8700973421821,0.140675241157556,TRUE,TRUE,FALSE
"mk","tl2.50_gl0.25_c200","sim009","model12",FALSE,0.999439305167063,1179.08876417489,17.854609894577,0.143772893772894,TRUE,TRUE,FALSE
"mk","tl2.50_gl0.25_c200","sim010","model12",TRUE,0.999471493669728,1175.59060593675,571.674968373144,0.00701269562564239,TRUE,TRUE,TRUE
"mk","tl5.00_gl0.25_c200","sim001","model12",FALSE,0.999047165101003,717.807612089521,14.5093954821322,0.132936507936508,TRUE,TRUE,FALSE
"mk","tl5.00_gl0.25_c200","sim002","model12",FALSE,0.999333110963318,905.462086008418,14.3716648018285,0.140557518649391,TRUE,TRUE,FALSE
"mk","tl5.00_gl0.25_c200","sim003","model12",TRUE,0.99991192273516,1215.64604853638,266.293844887954,0.00342328883126196,TRUE,TRUE,TRUE
"mk","tl5.00_gl0.25_c200","sim004","model12",FALSE,0.999381015619961,1182.20623781939,119.419306309744,0.150709219858156,TRUE,TRUE,FALSE
"mk","tl5.00_gl0.25_c200","sim005","model12",FALSE,0.999399580359644,810.202207682632,16.7763969989173,0.126811594202899,TRUE,TRUE,FALSE
"mk","tl5.00_gl0.25_c200","sim006","model12",TRUE,0.999646097495561,1006.05138024094,515.12119900252,0.0058782691411126,TRUE,TRUE,TRUE
"mk","tl5.00_gl0.25_c200","sim007","model12",TRUE,0.999941388696738,4342.96086456472,576.278067759014,0.00954245697776897,TRUE,TRUE,TRUE
"mk","tl5.00_gl0.25_c200","sim008","model12",TRUE,0.999415717890039,707.718421848733,356.208728568652,0.00714024276130815,TRUE,TRUE,TRUE
"mk","tl5.00_gl0.25_c200","sim009","model12",TRUE,0.999941872475211,6536.83859574828,604.038903684112,0.00273225850737268,TRUE,TRUE,TRUE
"mk","tl5.00_gl0.25_c200","sim010","model12",TRUE,0.999230473265235,714.659784684054,331.040308271804,0.0077023318117952,TRUE,TRUE,TRUE
"mk","tl1.00_gl0.50_c200","sim001","model12",TRUE,0.999747828767121,751.886984974226,618.698860475908,0.00489054337874953,TRUE,TRUE,TRUE
"mk","tl1.00_gl0.50_c200","sim002","model12",TRUE,0.999542020032016,805.993311739277,429.599786182764,0.00595419551826421,TRUE,TRUE,TRUE
"mk","tl1.00_gl0.50_c200","sim003","model12",FALSE,NA,NA,NA,NA,FALSE,FALSE,FALSE
"mk","tl1.00_gl0.50_c200","sim004","model12",TRUE,0.999677368383981,547.02504660375,601.123586082184,0.00644074974151477,TRUE,TRUE,TRUE
"mk","tl1.00_gl0.50_c200","sim005","model12",TRUE,0.999580449944616,637.560170161589,606.057953999739,0.00783787075124486,TRUE,TRUE,TRUE
"mk","tl1.00_gl0.50_c200","sim006","model12",TRUE,0.999340152961161,715.312287288113,612.774015602325,0.00856583172023692,TRUE,TRUE,TRUE
"mk","tl1.00_gl0.50_c200","sim007","model12",TRUE,0.999685683517433,819.493501914232,120.070470168733,0.00572918664569668,TRUE,TRUE,TRUE
"mk","tl1.00_gl0.50_c200","sim008","model12",FALSE,0.999325922074916,717.796165532271,22.1234783677192,0.135384615384615,TRUE,TRUE,FALSE
"mk","tl1.00_gl0.50_c200","sim009","model12",FALSE,NA,NA,NA,NA,FALSE,FALSE,FALSE
"mk","tl1.00_gl0.50_c200","sim010","model12",TRUE,0.999562852065549,559.499486980739,575.290819535517,0.00503923174444453,TRUE,TRUE,TRUE
"mk","tl1.50_gl0.50_c200","sim001","model12",FALSE,0.999155049997874,786.659206878915,32.6715855067187,0.151960784313725,TRUE,TRUE,FALSE
"mk","tl1.50_gl0.50_c200","sim002","model12",FALSE,0.999411592507071,826.175582072356,16.4436536594432,0.129925452609159,TRUE,TRUE,FALSE
"mk","tl1.50_gl0.50_c200","sim003","model12",TRUE,0.999513501751925,517.398138146091,563.138338651357,0.00708976229604986,TRUE,TRUE,TRUE
"mk","tl1.50_gl0.50_c200","sim004","model12",FALSE,NA,NA,NA,NA,FALSE,FALSE,FALSE
"mk","tl1.50_gl0.50_c200","sim005","model12",FALSE,0.999220884959083,754.545108237978,23.6047784903758,0.147111913357401,TRUE,TRUE,FALSE
"mk","tl1.50_gl0.50_c200","sim006","model12",FALSE,0.999189299448558,688.963882493664,44.5977336386712,0.0800595238095238,TRUE,TRUE,FALSE
"mk","tl1.50_gl0.50_c200","sim007","model12",FALSE,NA,NA,NA,NA,FALSE,FALSE,FALSE
"mk","tl1.50_gl0.50_c200","sim008","model12",TRUE,0.999293536699822,977.356068951808,509.61178614476,0.00863084069823113,TRUE,TRUE,TRUE
"mk","tl1.50_gl0.50_c200","sim009","model12",FALSE,NA,NA,NA,NA,FALSE,FALSE,FALSE
"mk","tl1.50_gl0.50_c200","sim010","model12",TRUE,0.999542020080793,1023.35959555866,641.229467945648,0.00628058366806995,TRUE,TRUE,TRUE
"mk","tl2.50_gl0.50_c200","sim001","model12",FALSE,0.999142000397178,788.019985710873,17.5192791133016,0.154121863799283,TRUE,TRUE,FALSE
"mk","tl2.50_gl0.50_c200","sim002","model12",TRUE,0.999235182859987,713.975907440595,320.742103176437,0.00781457623388333,TRUE,TRUE,TRUE
"mk","tl2.50_gl0.50_c200","sim003","model12",TRUE,0.999551066250145,1365.22858624897,607.591816824002,0.00784601374273651,TRUE,TRUE,TRUE
"mk","tl2.50_gl0.50_c200","sim004","model12",FALSE,0.999155048500317,937.194439118659,220.43823573772,NA,TRUE,TRUE,FALSE
"mk","tl2.50_gl0.50_c200","sim005","model12",TRUE,0.999207294310065,757.86654089115,413.971338141577,0.0116057233704293,TRUE,TRUE,TRUE
"mk","tl2.50_gl0.50_c200","sim006","model12",TRUE,0.999446791906537,1133.75181022976,530.315474864806,0.00763002123687026,TRUE,TRUE,TRUE
"mk","tl2.50_gl0.50_c200","sim007","model12",FALSE,0.999209798417665,790.064660117808,18.1246290208788,0.155032467532468,TRUE,TRUE,FALSE
"mk","tl2.50_gl0.50_c200","sim008","model12",FALSE,0.99896426889965,917.047612394787,11.8700973421821,0.140675241157556,TRUE,TRUE,FALSE
"mk","tl2.50_gl0.50_c200","sim009","model12",TRUE,0.999364474704443,877.955524402463,650.442517541992,0.0103827435753875,TRUE,TRUE,TRUE
"mk","tl2.50_gl0.50_c200","sim010","model12",FALSE,NA,NA,NA,NA,FALSE,FALSE,FALSE
"mk","tl5.00_gl0.50_c200","sim001","model12",TRUE,0.999047165101085,710.501549564864,258.411490490603,0.0140646902809753,TRUE,TRUE,TRUE
"mk","tl5.00_gl0.50_c200","sim002","model12",FALSE,NA,NA,NA,NA,FALSE,FALSE,FALSE
"mk","tl5.00_gl0.50_c200","sim003","model12",TRUE,0.999937097036004,5417.97550095855,603.883992887139,0.00356678745470449,TRUE,TRUE,TRUE
"mk","tl5.00_gl0.50_c200","sim004","model12",TRUE,0.999216030028825,977.059357421665,573.004919888375,0.0097177746466846,TRUE,TRUE,TRUE
"mk","tl5.00_gl0.50_c200","sim005","model12",TRUE,0.999344477767502,851.166113491331,498.548666791195,0.0104209569759612,TRUE,TRUE,TRUE
"mk","tl5.00_gl0.50_c200","sim006","model12",TRUE,0.999335775505469,713.52446444471,310.900915531471,0.00902130564159888,TRUE,TRUE,TRUE
"mk","tl5.00_gl0.50_c200","sim007","model12",TRUE,0.999549049554895,1293.88786059225,495.384752817182,0.006716103858961,TRUE,TRUE,TRUE
"mk","tl5.00_gl0.50_c200","sim008","model12",TRUE,0.99941776116253,836.181956936259,122.089865658781,0.00650569385293038,TRUE,TRUE,TRUE
"mk","tl5.00_gl0.50_c200","sim009","model12",FALSE,NA,NA,NA,NA,FALSE,FALSE,FALSE
"mk","tl5.00_gl0.50_c200","sim010","model12",TRUE,0.999230473265235,714.659784684054,331.040308271804,0.0077023318117952,TRUE,TRUE,TRUE
"mk","tl1.00_gl1.00_c200","sim001","model12",TRUE,0.999747828767121,751.886984974226,618.698860475908,0.00489054337874953,TRUE,TRUE,TRUE
"mk","tl1.00_gl1.00_c200","sim002","model12",TRUE,0.999542020032016,805.993311739277,429.599786182764,0.00595419551826421,TRUE,TRUE,TRUE
"mk","tl1.00_gl1.00_c200","sim003","model12",TRUE,0.999682695901414,1025.21232366832,624.895556233764,0.00577636857652971,TRUE,TRUE,TRUE
"mk","tl1.00_gl1.00_c200","sim004","model12",TRUE,0.999607767198016,797.270633426958,583.748248155243,0.00683827365314208,TRUE,TRUE,TRUE
"mk","tl1.00_gl1.00_c200","sim005","model12",TRUE,0.999580449944616,637.560170161589,606.057953999739,0.00783787075124486,TRUE,TRUE,TRUE
"mk","tl1.00_gl1.00_c200","sim006","model12",TRUE,0.999485466212845,937.88834446524,407.343226909521,0.0072075607757894,TRUE,TRUE,TRUE
"mk","tl1.00_gl1.00_c200","sim007","model12",FALSE,NA,NA,NA,NA,FALSE,FALSE,FALSE
"mk","tl1.00_gl1.00_c200","sim008","model12",TRUE,0.999322267317769,698.8640337618,379.960217417868,0.0077406518981948,TRUE,TRUE,TRUE
"mk","tl1.00_gl1.00_c200","sim009","model12",TRUE,0.999395248362309,600.053942839321,627.173287151428,0.00977155216686742,TRUE,TRUE,TRUE
"mk","tl1.00_gl1.00_c200","sim010","model12",TRUE,0.999850735683709,892.636162277326,578.570086418176,0.00275443485710508,TRUE,TRUE,TRUE
"mk","tl1.50_gl1.00_c200","sim001","model12",TRUE,0.999017200707929,655.497378912541,550.486614872145,0.0107111674412055,TRUE,TRUE,TRUE
"mk","tl1.50_gl1.00_c200","sim002","model12",TRUE,0.999336650887189,816.408121310192,272.361797770954,0.007444001770695,TRUE,TRUE,TRUE
"mk","tl1.50_gl1.00_c200","sim003","model12",FALSE,NA,NA,NA,NA,FALSE,FALSE,FALSE
"mk","tl1.50_gl1.00_c200","sim004","model12",FALSE,NA,NA,NA,NA,FALSE,FALSE,FALSE
"mk","tl1.50_gl1.00_c200","sim005","model12",TRUE,0.99920980317281,681.523894255907,450.704528832883,0.00980959252920515,TRUE,TRUE,TRUE
"mk","tl1.50_gl1.00_c200","sim006","model12",TRUE,0.999166319942537,705.921148603338,683.209366422264,0.00840549483521579,TRUE,TRUE,TRUE
"mk","tl1.50_gl1.00_c200","sim007","model12",TRUE,0.999612929757127,737.08904513129,561.110186599773,0.00647828343384814,TRUE,TRUE,TRUE
"mk","tl1.50_gl1.00_c200","sim008","model12",TRUE,0.999293536699822,977.356068951808,509.61178614476,0.00863084069823113,TRUE,TRUE,TRUE
"mk","tl1.50_gl1.00_c200","sim009","model12",TRUE,0.999589070736602,691.488652793885,427.92942027951,0.00679682755171305,TRUE,TRUE,TRUE
"mk","tl1.50_gl1.00_c200","sim010","model12",TRUE,0.999545351671243,1073.34006452313,505.765516354337,0.0063827814450689,TRUE,TRUE,TRUE
"mk","tl2.50_gl1.00_c200","sim001","model12",TRUE,0.999130057836794,746.75905354936,422.094647184972,0.0114992606675116,TRUE,TRUE,TRUE
"mk","tl2.50_gl1.00_c200","sim002","model12",TRUE,0.999258985923609,722.796691051498,290.157870472649,0.00754639286002023,TRUE,TRUE,TRUE
"mk","tl2.50_gl1.00_c200","sim003","model12",TRUE,0.999638402003144,1339.79199874267,477.197286763458,0.00691899772914946,TRUE,TRUE,TRUE
"mk","tl2.50_gl1.00_c200","sim004","model12",TRUE,0.999155049568424,669.421154610087,456.311615309268,0.00854868305363355,TRUE,TRUE,TRUE
"mk","tl2.50_gl1.00_c200","sim005","model12",TRUE,0.999310107948468,869.252091374356,410.273853674537,0.0110249521023932,TRUE,TRUE,TRUE
"mk","tl2.50_gl1.00_c200","sim006","model12",TRUE,0.999495875295341,1295.27379177849,626.195964201419,0.0068257927829415,TRUE,TRUE,TRUE
"mk","tl2.50_gl1.00_c200","sim007","model12",TRUE,0.999199679786301,740.06054353791,529.307774242711,0.0099981206540124,TRUE,TRUE,TRUE
"mk","tl2.50_gl1.00_c200","sim008","model12",TRUE,0.998946815793835,680.275000561419,381.867145669434,0.0102267322023149,TRUE,TRUE,TRUE
"mk","tl2.50_gl1.00_c200","sim009","model12",TRUE,0.999433588655648,850.421965329957,709.584748066293,0.00949557541849631,TRUE,TRUE,TRUE
"mk","tl2.50_gl1.00_c200","sim010","model12",TRUE,0.999500029624551,1151.51603308255,528.557521864403,0.00678861368516541,TRUE,TRUE,TRUE
"mk","tl5.00_gl1.00_c200","sim001","model12",TRUE,0.999032413901021,670.99792148749,239.029925271393,0.014327673902142,TRUE,TRUE,TRUE
"mk","tl5.00_gl1.00_c200","sim002","model12",TRUE,0.999325918359982,865.1269706945,69.8145723649361,0.00832825682408018,TRUE,TRUE,TRUE
"mk","tl5.00_gl1.00_c200","sim003","model12",TRUE,0.999928904204428,5375.00755031354,553.399927833203,0.00224523575687467,TRUE,TRUE,TRUE
"mk","tl5.00_gl1.00_c200","sim004","model12",TRUE,0.999374824042305,1087.84104534621,617.824073347173,0.00904275061578432,TRUE,TRUE,TRUE
"mk","tl5.00_gl1.00_c200","sim005","model12",TRUE,0.999393756352114,799.367697234418,576.494418646732,0.010279937130963,TRUE,TRUE,TRUE
"mk","tl5.00_gl1.00_c200","sim006","model12",TRUE,0.999939148728685,6807.53394215139,631.567012926117,0.00226111055793422,TRUE,TRUE,TRUE
"mk","tl5.00_gl1.00_c200","sim007","model12",TRUE,0.999940063710827,3287.26237653551,666.795292888369,0.00228607807423992,TRUE,TRUE,TRUE
"mk","tl5.00_gl1.00_c200","sim008","model12",TRUE,0.999411592335805,669.142790147532,340.500573020652,0.00723491372687323,TRUE,TRUE,TRUE
"mk","tl5.00_gl1.00_c200","sim009","model12",TRUE,0.999944750013867,5773.46402167268,652.125012061819,0.00274767410366106,TRUE,TRUE,TRUE
"mk","tl5.00_gl1.00_c200","sim010","model12",TRUE,0.999230473265235,714.659784684054,331.040308271804,0.0077023318117952,TRUE,TRUE,TRUE
