"scenario","modelID","metric","rho","lower","upper","p.value","n"
"mk","model1","mean_rhat_max",0.852941176470588,0.711451011907309,0.93490227453828,3.68554373672152e-19,64
"mk","model1","mean_ess_min",0.241176470588235,0.00948531686963516,0.428664751042824,0.0548795789771259,64
"mk","model1","mean_asdsf",-0.973529411764706,-0.9883286497385,-0.936504362657584,1.87712773580119e-41,64
"mk","model1","pass_rate",NA,NA,NA,NA,64
"mk","model1","mse_tree_len",0.55,0.324073249987191,0.700244478202778,2.5062699934389e-06,64
"mk","model1","cov_error_tree_len",0.393956654270568,0.189396535424442,0.573957638613053,0.00127804654991934,64
"mk","model1","mean_mse_rate_loss",NA,NA,NA,NA,0
"mk","model1","cov_error_rate_loss",NA,NA,NA,NA,0
"mk","model1","cov_error_cgr",0.393956654270568,0.189396535424442,0.573957638613053,0.00127804654991934,64
"mk","model10","mean_rhat_max",0.546933163984047,0.299867484063317,0.741050007945385,2.92427085494059e-06,64
"mk","model10","mean_ess_min",0.435929255702338,0.222034067669238,0.618186616059888,0.00031749954185922,64
"mk","model10","mean_asdsf",-0.767479543656835,-0.872112008540519,-0.626536842953986,1.38864939994609e-13,64
"mk","model10","pass_rate",NA,NA,NA,NA,64
"mk","model10","mse_tree_len",0.635148190433087,0.40878530771373,0.775390888819789,1.72771358027336e-08,64
"mk","model10","cov_error_tree_len",-0.0519649845552798,-0.286453356796558,0.164908325909923,0.683418975964758,64
"mk","model10","mean_mse_rate_loss",NA,NA,NA,NA,0
"mk","model10","cov_error_rate_loss",NA,NA,NA,NA,0
"mk","model10","cov_error_cgr",-0.161607741719725,-0.398896208868281,0.0712231650977125,0.202031251128004,64
"mk","model11","mean_rhat_max",0.914717640031246,0.846161048037588,0.953603797637714,4.39818726354767e-26,64
"mk","model11","mean_ess_min",0.632403620824335,0.482573051891739,0.739866884878238,2.07730394254212e-08,64
"mk","model11","mean_asdsf",-0.908836097964435,-0.95657364591171,-0.827680230802612,3.1799989035427e-25,64
"mk","model11","pass_rate",-0.167388807575691,-0.324194006529364,-0.140262543170786,0.186145725568748,64
"mk","model11","mse_tree_len",0.353030372650829,0.120658974916792,0.549492422966763,0.00421865189049244,64
"mk","model11","cov_error_tree_len",-0.106216325237116,-0.355079027686271,0.147225996460682,0.403520768054146,64
"mk","model11","mean_mse_rate_loss",NA,NA,NA,NA,0
"mk","model11","cov_error_rate_loss",NA,NA,NA,NA,0
"mk","model11","cov_error_cgr",-0.0966015384150697,-0.346805981998516,0.158894994128283,0.447637659250899,64
"mk","model12","mean_rhat_max",0.413323137272045,0.19398552256427,0.611785505982747,0.000841029900015386,62
"mk","model12","mean_ess_min",-0.0484498868012278,-0.289431915359944,0.229715008979588,0.708440971769044,62
"mk","model12","mean_asdsf",-0.812748906411811,-0.883893212894781,-0.681328149683556,1.04816267486992e-15,62
"mk","model12","pass_rate",0.663803894281168,0.504120499560993,0.770740334874631,4.08666431336449e-09,62
"mk","model12","mse_tree_len",-0.341421034765987,-0.535467344956244,-0.091029380498046,0.00661217569717924,62
"mk","model12","cov_error_tree_len",NA,NA,NA,NA,62
"mk","model12","mean_mse_rate_loss",NA,NA,NA,NA,0
"mk","model12","cov_error_rate_loss",NA,NA,NA,NA,0
"mk","model12","cov_error_cgr",NA,NA,NA,NA,62
"mk","model2","mean_rhat_max",0.397013213418006,0.157572029822796,0.591364363076381,0.00116171344943952,64
"mk","model2","mean_ess_min",0.00882251585373348,-0.270368896707573,0.29757000777175,0.9448380895841,64
"mk","model2","mean_asdsf",-0.585962094618798,-0.745566661660655,-0.371160799340499,3.64159532509763e-07,64
"mk","model2","pass_rate",NA,NA,NA,NA,64
"mk","model2","mse_tree_len",0.594049400818054,0.384016492005917,0.727370415073633,2.28409289221475e-07,64
"mk","model2","cov_error_tree_len",0.207425191536693,0.0726309763041645,0.33234599399403,0.100044674776797,64
"mk","model2","mean_mse_rate_loss",NA,NA,NA,NA,0
"mk","model2","cov_error_rate_loss",NA,NA,NA,NA,0
"mk","model2","cov_error_cgr",0.207425191536693,0.0726309763041645,0.33234599399403,0.100044674776797,64
"mk","model3","mean_rhat_max",0.973529411764706,0.941858045741938,0.988796504199719,1.87712773580194e-41,64
"mk","model3","mean_ess_min",0.185294117647059,-0.0889209817517438,0.404351978768307,0.142685307752416,64
"mk","model3","mean_asdsf",-0.958823529411765,-0.976749881921035,-0.917724865282166,1.34164736176183e-35,64
"mk","model3","pass_rate",NA,NA,NA,NA,64
"mk","model3","mse_tree_len",0.611764705882353,0.421579911495531,0.743301124700684,7.85234566841429e-08,64
"mk","model3","cov_error_tree_len",0.414850383073385,0.219742180504336,0.570347907558356,0.000653517177573645,64
"mk","model3","mean_mse_rate_loss",-0.0346789574597873,-0.294815282279758,0.205547325861183,0.785587016837653,64
"mk","model3","cov_error_rate_loss",-0.194556230212135,-0.439045242061254,0.0344465859952072,0.123429951412242,64
"mk","model3","cov_error_cgr",-0.118539756497111,-0.36165893810705,0.123744477030196,0.350860064442032,64
"mk","model4","mean_rhat_max",0.929411764705882,0.857661312894679,0.964186541285056,1.56169410298988e-28,64
"mk","model4","mean_ess_min",-0.0529411764705882,-0.331801375576378,0.259165130571492,0.677795262821989,64
"mk","model4","mean_asdsf",-0.964705882352941,-0.98306065126207,-0.926873645398893,1.23052399889423e-37,64
"mk","model4","pass_rate",NA,NA,NA,NA,64
"mk","model4","mse_tree_len",0.544117647058823,0.307149944463618,0.703908965252738,3.36462746184903e-06,64
"mk","model4","cov_error_tree_len",-0.12524485821703,-0.364739662099175,0.104387150452564,0.324083644224633,64
"mk","model4","mean_mse_rate_loss",NA,NA,NA,NA,0
"mk","model4","cov_error_rate_loss",NA,NA,NA,NA,0
"mk","model4","cov_error_cgr",-0.12524485821703,-0.364739662099175,0.104387150452564,0.324083644224633,64
"mk","model5","mean_rhat_max",0.831969142164133,0.711334400490119,0.899194439203164,1.65363695410445e-17,64
"mk","model5","mean_ess_min",0.0591442904905289,-0.176240538563946,0.280846699457537,0.642478970277215,64
"mk","model5","mean_asdsf",-0.740612336317155,-0.883544590095427,-0.546036983735142,2.64955356762006e-12,64
"mk","model5","pass_rate",-0.0307349987984777,-0.107228952792068,0.0250682061737557,0.809484726670486,64
"mk","model5","mse_tree_len",0.59185618022704,0.366935587080067,0.742128690181302,2.59536695645657e-07,64
"mk","model5","cov_error_tree_len",-0.26212904772369,-0.498628156091564,-0.0404863315263243,0.0363989810274874,64
"mk","model5","mean_mse_rate_loss",-0.0882734829504749,-1,1,0.867933698235134,6
"mk","model5","cov_error_rate_loss",-0.0625305399480723,-0.8,0.948683298050514,0.906326439422854,6
"mk","model5","cov_error_cgr",-0.158187379728398,-0.387859728467616,0.0855740729937741,0.211871817438866,64
"mk","model6","mean_rhat_max",0.402669150671251,0.15146726378761,0.63959068712219,0.000971319602238851,64
"mk","model6","mean_ess_min",0.219366251506586,-0.0181998369472561,0.426786243352228,0.081574244245229,64
"mk","model6","mean_asdsf",-0.655526082250779,-0.802575271667068,-0.454596889709693,4.14641530067398e-09,64
"mk","model6","pass_rate",NA,NA,NA,NA,64
"mk","model6","mse_tree_len",0.532106724204194,0.282722215328547,0.711588323671494,6.03561313761491e-06,64
"mk","model6","cov_error_tree_len",0.0116498300219908,-0.224630838736675,0.236500339221397,0.927202701781951,64
"mk","model6","mean_mse_rate_loss",NA,NA,NA,NA,0
"mk","model6","cov_error_rate_loss",NA,NA,NA,NA,0
"mk","model6","cov_error_cgr",0.0116498300219908,-0.224630838736675,0.236500339221397,0.927202701781951,64
"mk","model7","mean_rhat_max",-0.567887692608162,-0.730040304083866,-0.359569857034136,9.87915185464356e-07,64
"mk","model7","mean_ess_min",0.456405883690615,0.151868886106252,0.71739595283307,0.000150338609739749,64
"mk","model7","mean_asdsf",0.540395572309491,0.336377818578319,0.691716469408981,4.04230767279657e-06,64
"mk","model7","pass_rate",0.647676423478309,0.473218093329703,0.77601730526675,7.27634217557593e-09,64
"mk","model7","mse_tree_len",0.0772026430739161,-0.159158795322845,0.306367040805187,0.544279454222836,64
"mk","model7","cov_error_tree_len",0.298150710241192,0.0107049474807464,0.523218857110479,0.0167160302437102,64
"mk","model7","mean_mse_rate_loss",0.0266373440431924,-0.327324884694065,0.365506342928942,0.88493673072569,32
"mk","model7","cov_error_rate_loss",-0.120750738336318,-0.450995939800595,0.261830748547925,0.510340115262827,32
"mk","model7","cov_error_cgr",-0.272142246644125,-0.518714280300492,-0.0337225639515549,0.0295949881602849,64
"mk","model8","mean_rhat_max",0.567680574023237,0.342570156843283,0.758590022436999,9.98936028425693e-07,64
"mk","model8","mean_ess_min",0.385361147254787,0.094539952076676,0.591915670081687,0.00166349641426114,64
"mk","model8","mean_asdsf",-0.652959015576222,-0.814800244528798,-0.459798388390054,4.99261773075005e-09,64
"mk","model8","pass_rate",NA,NA,NA,NA,64
"mk","model8","mse_tree_len",0.59975188447797,0.36618201335538,0.748236593398965,1.63118342930142e-07,64
"mk","model8","cov_error_tree_len",-0.0386855992524253,-0.286580480719569,0.178982548450601,0.761509818320887,64
"mk","model8","mean_mse_rate_loss",NA,NA,NA,NA,0
"mk","model8","cov_error_rate_loss",NA,NA,NA,NA,0
"mk","model8","cov_error_cgr",-0.173727143793667,-0.416771482952225,0.0659931257247549,0.169786523341535,64
"mk","model9","mean_rhat_max",-0.663301506051418,-0.747549310270599,-0.540995751143324,2.33669170702925e-09,64
"mk","model9","mean_ess_min",0.772448320686535,0.675584863141189,0.834397326102693,7.70744740468711e-14,64
"mk","model9","mean_asdsf",0.595874560824103,0.445132214256218,0.703655290721846,2.05222435704029e-07,64
"mk","model9","pass_rate",0.373037781745831,0.20266842138484,0.530449090945607,0.00239829746481541,64
"mk","model9","mse_tree_len",0.116947932351312,-0.151020962552137,0.36129474249742,0.357412290718325,64
"mk","model9","cov_error_tree_len",0.346495431117939,0.0887065452120265,0.548651020204628,0.00503500409293555,64
"mk","model9","mean_mse_rate_loss",NA,NA,NA,NA,0
"mk","model9","cov_error_rate_loss",NA,NA,NA,NA,0
"mk","model9","cov_error_cgr",-0.112159133111701,-0.360076897009716,0.112064454372438,0.377572866072708,64
"nt","model1","mean_rhat_max",0.885325394026531,0.826864771652541,0.918954757248668,4.22042984145776e-65,192
"nt","model1","mean_ess_min",0.0308880177956216,-0.109776249123264,0.179204067419226,0.67061535772878,192
"nt","model1","mean_asdsf",-0.925216341589127,-0.938483404724448,-0.902166461464456,6.80083624026105e-82,192
"nt","model1","pass_rate",-0.187502975235058,-0.284440759050534,-0.101181466127241,0.00920645295012754,192
"nt","model1","mse_tree_len",-0.407673344546022,-0.528958209843943,-0.282789615347056,4.38516105709909e-09,192
"nt","model1","cov_error_tree_len",-0.70454151192554,-0.772507791910172,-0.621414927621157,4.08982355234348e-30,192
"nt","model1","mean_mse_rate_loss",NA,NA,NA,NA,0
"nt","model1","cov_error_rate_loss",NA,NA,NA,NA,0
"nt","model1","cov_error_cgr",-0.698106682104522,-0.768111642370456,-0.613186707312431,2.23088318613801e-29,192
"nt","model10","mean_rhat_max",0.426615101863657,0.286754042340133,0.554824092130168,6.82120182166936e-10,192
"nt","model10","mean_ess_min",0.280586224669723,0.141375962662793,0.405048002728687,8.08010778126593e-05,192
"nt","model10","mean_asdsf",-0.52259040230041,-0.627282357189925,-0.406071197421576,7.55188786618564e-15,192
"nt","model10","pass_rate",0.157749926798675,-0.0378079776387636,0.2972549608514,0.0288687133823732,192
"nt","model10","mse_tree_len",-0.623887773648374,-0.716304860714178,-0.52169532085652,4.18199977857857e-22,192
"nt","model10","cov_error_tree_len",-0.504481520125956,-0.616980643849291,-0.385907796962503,8.6137338945605e-14,192
"nt","model10","mean_mse_rate_loss",-0.333333333333333,-1,0.615384615384616,0.419753086419753,8
"nt","model10","cov_error_rate_loss",-0.371153744479045,-0.905821627315677,0.326019829264631,0.365355936328777,8
"nt","model10","cov_error_cgr",-0.407490355498106,-0.519319254624616,-0.283528789021483,4.46220965572499e-09,192
"nt","model11","mean_rhat_max",0.906121992241543,0.877242173735331,0.92391400627537,6.48927893556257e-73,192
"nt","model11","mean_ess_min",0.0924046469359521,-0.0499805564662833,0.244792462330319,0.202392601216417,192
"nt","model11","mean_asdsf",-0.933446138404362,-0.946828892857332,-0.911011239939474,1.56522287895965e-86,192
"nt","model11","pass_rate",NA,NA,NA,NA,192
"nt","model11","mse_tree_len",-0.278638133087378,-0.434834961435103,-0.11698005297106,9.09674506969504e-05,192
"nt","model11","cov_error_tree_len",-0.449764744156942,-0.574332982951267,-0.307014679715347,5.96849161326698e-11,192
"nt","model11","mean_mse_rate_loss",NA,NA,NA,NA,0
"nt","model11","cov_error_rate_loss",NA,NA,NA,NA,0
"nt","model11","cov_error_cgr",-0.449764744156942,-0.574332982951267,-0.307014679715347,5.96849161326698e-11,192
"nt","model12","mean_rhat_max",0.202640462985291,0.0209733722000311,0.374781538424141,0.0148581163171421,144
"nt","model12","mean_ess_min",0.432340647857889,0.253821270960886,0.58161653510662,6.25842517833487e-08,144
"nt","model12","mean_asdsf",-0.392219274977896,-0.526405463398773,-0.246738856873557,1.16283303020495e-06,144
"nt","model12","pass_rate",0.247608643448398,0.0607238670789231,0.406420761572868,0.00277024495837754,144
"nt","model12","mse_tree_len",-0.0714532593842939,-0.216614050560705,0.0969627246018217,0.394738983642159,144
"nt","model12","cov_error_tree_len",-0.313925117327816,-0.452137090539895,-0.169258614897629,0.000127316289458344,144
"nt","model12","mean_mse_rate_loss",NA,NA,NA,NA,0
"nt","model12","cov_error_rate_loss",NA,NA,NA,NA,0
"nt","model12","cov_error_cgr",-0.30964166813435,-0.433481914496454,-0.168430156281189,0.000159007282507669,144
"nt","model2","mean_rhat_max",0.778004028429591,0.696845035328331,0.837389154314531,3.2805101486919e-40,192
"nt","model2","mean_ess_min",-0.00153100670048558,-0.145331921625728,0.151931234188983,0.983185242043393,192
"nt","model2","mean_asdsf",-0.853164080514337,-0.898827892616079,-0.784129965321321,1.35208774072442e-55,192
"nt","model2","pass_rate",0.025383328045845,-0.161055961558623,0.186550501236737,0.72672801458011,192
"nt","model2","mse_tree_len",-0.849369625369612,-0.884742407979231,-0.801737267418573,1.26174689045268e-54,192
"nt","model2","cov_error_tree_len",-0.724088426931071,-0.788666290906053,-0.651988876879348,1.76388192151412e-32,192
"nt","model2","mean_mse_rate_loss",NA,NA,NA,NA,0
"nt","model2","cov_error_rate_loss",NA,NA,NA,NA,0
"nt","model2","cov_error_cgr",-0.726470190099569,-0.790692152797702,-0.653193229932967,8.79688342174523e-33,192
"nt","model3","mean_rhat_max",0.90732238287714,0.871746730638215,0.926889343310887,2.02603735670164e-73,192
"nt","model3","mean_ess_min",0.0735408811002903,-0.0743235734931894,0.226888404149111,0.310710854286843,192
"nt","model3","mean_asdsf",-0.926732089086618,-0.941722403789536,-0.902887524492095,1.04593530978129e-82,192
"nt","model3","pass_rate",-0.142535881990521,-0.231018246224713,-0.0907383028082556,0.0485845342556265,192
"nt","model3","mse_tree_len",-0.418815953666278,-0.539543456710048,-0.296568337485782,1.4882938731198e-09,192
"nt","model3","cov_error_tree_len",-0.722475355680042,-0.786354418860627,-0.645641923795671,2.8138789949106e-32,192
"nt","model3","mean_mse_rate_loss",0.0900547296747416,-0.0555582993566693,0.229439678513504,0.214158285205921,192
"nt","model3","cov_error_rate_loss",-0.174197421744749,-0.305146620721606,-0.0276750874055724,0.0156708071457674,192
"nt","model3","cov_error_cgr",-0.458116818964047,-0.569422002702865,-0.333716719034031,2.36693708191057e-11,192
"nt","model4","mean_rhat_max",0.414595936304696,0.268466702602301,0.560608652188083,2.25137462414142e-09,192
"nt","model4","mean_ess_min",0.225341127960285,0.0873265961070641,0.363518288490961,0.00167484472642839,192
"nt","model4","mean_asdsf",-0.563590185280634,-0.667127184322738,-0.447310463690721,1.72963265728671e-17,192
"nt","model4","pass_rate",0.027841176091386,-0.0180146192037794,0.0831502110208202,0.701472249033085,192
"nt","model4","mse_tree_len",-0.0187230420747091,-0.179359957138963,0.119626149325495,0.79659015053893,192
"nt","model4","cov_error_tree_len",-0.379913749113425,-0.516158133567341,-0.238098085363689,5.47869613752634e-08,192
"nt","model4","mean_mse_rate_loss",NA,NA,NA,NA,0
"nt","model4","cov_error_rate_loss",NA,NA,NA,NA,0
"nt","model4","cov_error_cgr",-0.377810474929838,-0.513246558218637,-0.236391133179557,6.57215917590903e-08,192
"nt","model5","mean_rhat_max",0.109993421588042,-0.0577315684382356,0.26486801921501,0.128819607108729,192
"nt","model5","mean_ess_min",0.341556913436237,0.211020933677847,0.449101915808234,1.24427066768882e-06,192
"nt","model5","mean_asdsf",-0.168653188834333,-0.324454346077992,0.00241279147387148,0.0193642780169159,192
"nt","model5","pass_rate",NA,NA,NA,NA,192
"nt","model5","mse_tree_len",-0.0854057591623037,-0.246287680890456,0.0573684901139336,0.238859382148131,192
"nt","model5","cov_error_tree_len",-0.443260467522426,-0.568652257264012,-0.31005601872529,1.20564348636172e-10,192
"nt","model5","mean_mse_rate_loss",NA,NA,NA,NA,0
"nt","model5","cov_error_rate_loss",NA,NA,NA,NA,0
"nt","model5","cov_error_cgr",-0.489497151251844,-0.597982499650752,-0.372975665174642,5.80671833372078e-13,192
"nt","model6","mean_rhat_max",0.499916922117028,0.379925288189303,0.623829914873867,1.55574652898122e-13,192
"nt","model6","mean_ess_min",0.157837804844967,0.0222029971290462,0.29769501829324,0.028778495525696,192
"nt","model6","mean_asdsf",-0.625886729240702,-0.708636877775473,-0.523818977110404,2.8243882946866e-22,192
"nt","model6","pass_rate",0.188828812223682,0.0684946626935163,0.289042322915248,0.00871481784864932,192
"nt","model6","mse_tree_len",-0.416045560589209,-0.542969017507995,-0.286273667579487,1.95424402962036e-09,192
"nt","model6","cov_error_tree_len",-0.414357849216179,-0.542883554422336,-0.285589065113705,2.30417539223837e-09,192
"nt","model6","mean_mse_rate_loss",NA,NA,NA,NA,0
"nt","model6","cov_error_rate_loss",NA,NA,NA,NA,0
"nt","model6","cov_error_cgr",-0.419035151337871,-0.5445023684751,-0.291060455008688,1.45640938490682e-09,192
"nt","model7","mean_rhat_max",0.405643870547704,0.272107758750321,0.524211186450476,5.31649612257738e-09,192
"nt","model7","mean_ess_min",0.367906166074384,0.229281736794407,0.506235356492314,1.52206440386397e-07,192
"nt","model7","mean_asdsf",-0.525125125464558,-0.625153585741084,-0.408527854396722,5.30909168833464e-15,192
"nt","model7","pass_rate",0.350807910295898,0.221665133790128,0.474747054402616,6.08017684850932e-07,192
"nt","model7","mse_tree_len",-0.326094254401432,-0.468793328528277,-0.175171092380012,3.91600854711576e-06,192
"nt","model7","cov_error_tree_len",-0.388481188051367,-0.51662808911616,-0.257564067583368,2.57596898182576e-08,192
"nt","model7","mean_mse_rate_loss",0.170414347557205,-0.0453108821928942,0.362643235535156,0.0917136832863633,99
"nt","model7","cov_error_rate_loss",0.0352635207447067,-0.178808312572701,0.24345176414391,0.72895247447796,99
"nt","model7","cov_error_cgr",-0.412726834314839,-0.525975273797864,-0.28097574498001,2.69943890752542e-09,192
"nt","model8","mean_rhat_max",0.344454466538263,0.195100736823144,0.477804728010585,9.96724462920877e-07,192
"nt","model8","mean_ess_min",0.309858462414888,0.158656768721185,0.444634108856498,1.22204804494487e-05,192
"nt","model8","mean_asdsf",-0.461048341155088,-0.574942715336809,-0.327138074646003,1.70059252473668e-11,192
"nt","model8","pass_rate",0.206762795343512,0.0933479653492988,0.302604877895778,0.0040091573217101,192
"nt","model8","mse_tree_len",-0.630783237935057,-0.718389693249579,-0.530697830165491,1.06691426155961e-22,192
"nt","model8","cov_error_tree_len",-0.516817478910306,-0.620275075331154,-0.399956536432686,1.66680420084818e-14,192
"nt","model8","mean_mse_rate_loss",NA,NA,NA,NA,0
"nt","model8","cov_error_rate_loss",NA,NA,NA,NA,0
"nt","model8","cov_error_cgr",-0.43033953866437,-0.538115989494688,-0.314741142274643,4.66641743663659e-10,192
"nt","model9","mean_rhat_max",-0.517374997778133,-0.606918426507051,-0.400245101550884,2.48463861176388e-14,189
"nt","model9","mean_ess_min",0.818110880036972,0.766353501110513,0.856730058165166,8.27810746576592e-47,189
"nt","model9","mean_asdsf",0.385904477505821,0.26883323848662,0.489527407543262,4.1572948928457e-08,189
"nt","model9","pass_rate",0.814045464797079,0.751531461610001,0.86074088521439,5.33046440731643e-46,189
"nt","model9","mse_tree_len",-0.0226594855934162,-0.178607395947179,0.122149526840095,0.75694913868186,189
"nt","model9","cov_error_tree_len",-0.123869491174194,-0.280334124746126,0.0268591855695072,0.0894750883439649,189
"nt","model9","mean_mse_rate_loss",-0.0727481473750131,-0.301845602898713,0.163788043242469,0.561586554209066,66
"nt","model9","cov_error_rate_loss",-0.185719990525997,-0.385739035417504,0.046117599837229,0.135439605271928,66
"nt","model9","cov_error_cgr",-0.218096941452461,-0.360365619320831,-0.0789771025368431,0.00257128450856886,189
